-- MySQL dump 10.13  Distrib 8.0.44, for Win64 (x86_64)
--
-- Host: 127.0.0.1    Database: mmo_rpg
-- ------------------------------------------------------
-- Server version	8.0.44

/*!40101 SET @OLD_CHARACTER_SET_CLIENT=@@CHARACTER_SET_CLIENT */;
/*!40101 SET @OLD_CHARACTER_SET_RESULTS=@@CHARACTER_SET_RESULTS */;
/*!40101 SET @OLD_COLLATION_CONNECTION=@@COLLATION_CONNECTION */;
/*!50503 SET NAMES utf8 */;
/*!40103 SET @OLD_TIME_ZONE=@@TIME_ZONE */;
/*!40103 SET TIME_ZONE='+00:00' */;
/*!40014 SET @OLD_UNIQUE_CHECKS=@@UNIQUE_CHECKS, UNIQUE_CHECKS=0 */;
/*!40014 SET @OLD_FOREIGN_KEY_CHECKS=@@FOREIGN_KEY_CHECKS, FOREIGN_KEY_CHECKS=0 */;
/*!40101 SET @OLD_SQL_MODE=@@SQL_MODE, SQL_MODE='NO_AUTO_VALUE_ON_ZERO' */;
/*!40111 SET @OLD_SQL_NOTES=@@SQL_NOTES, SQL_NOTES=0 */;

--
-- Table structure for table `auction`
--

DROP TABLE IF EXISTS `auction`;
/*!40101 SET @saved_cs_client     = @@character_set_client */;
/*!50503 SET character_set_client = utf8mb4 */;
CREATE TABLE `auction` (
  `auction_id` int NOT NULL AUTO_INCREMENT,
  `seller_id` int NOT NULL,
  `item_id` int NOT NULL,
  `quantity` int DEFAULT '1',
  `price` int NOT NULL,
  `created_at` timestamp NULL DEFAULT CURRENT_TIMESTAMP,
  `expires_at` timestamp NULL DEFAULT ((now() + interval 7 day)),
  `is_sold` tinyint(1) DEFAULT '0',
  `buyer_id` int DEFAULT NULL,
  PRIMARY KEY (`auction_id`),
  KEY `seller_id` (`seller_id`),
  KEY `item_id` (`item_id`),
  KEY `buyer_id` (`buyer_id`),
  CONSTRAINT `auction_ibfk_1` FOREIGN KEY (`seller_id`) REFERENCES `characters` (`character_id`),
  CONSTRAINT `auction_ibfk_2` FOREIGN KEY (`item_id`) REFERENCES `items` (`item_id`),
  CONSTRAINT `auction_ibfk_3` FOREIGN KEY (`buyer_id`) REFERENCES `characters` (`character_id`)
) ENGINE=InnoDB AUTO_INCREMENT=81 DEFAULT CHARSET=utf8mb4 COLLATE=utf8mb4_0900_ai_ci;
/*!40101 SET character_set_client = @saved_cs_client */;

--
-- Dumping data for table `auction`
--

LOCK TABLES `auction` WRITE;
/*!40000 ALTER TABLE `auction` DISABLE KEYS */;
INSERT INTO `auction` VALUES (1,1,41,10,50,'2024-03-01 05:00:00','2024-03-08 05:00:00',0,NULL),(2,1,45,5,75,'2024-03-02 06:30:00','2024-03-09 06:30:00',0,NULL),(3,1,49,8,120,'2024-03-03 09:15:00','2024-03-10 09:15:00',0,NULL),(4,2,1,1,200,'2024-02-25 04:20:00','2024-03-03 04:20:00',1,15),(5,2,21,1,350,'2024-02-26 08:45:00','2024-03-04 08:45:00',1,28),(6,2,47,12,500,'2024-02-27 11:30:00','2024-03-05 11:30:00',1,42),(7,3,3,1,180,'2024-03-04 03:45:00','2024-03-11 03:45:00',0,NULL),(8,3,29,1,420,'2024-03-05 07:10:00','2024-03-12 07:10:00',1,37),(9,3,46,7,320,'2024-03-06 10:25:00','2024-03-13 10:25:00',0,NULL),(10,4,4,1,250,'2024-02-28 05:15:00','2024-03-06 05:15:00',1,19),(11,4,30,1,380,'2024-02-29 09:40:00','2024-03-07 09:40:00',1,33),(12,4,49,15,280,'2024-03-01 12:55:00','2024-03-08 12:55:00',0,NULL),(13,5,5,1,450,'2024-03-07 04:30:00','2024-03-14 04:30:00',0,NULL),(14,5,25,1,520,'2024-03-08 08:05:00','2024-03-15 08:05:00',1,46),(15,5,42,8,150,'2024-03-09 11:20:00','2024-03-16 11:20:00',0,NULL),(16,6,7,1,300,'2024-03-10 06:45:00','2024-03-17 06:45:00',0,NULL),(17,6,30,1,410,'2024-03-11 10:10:00','2024-03-18 10:10:00',1,51),(18,6,63,5,600,'2024-03-12 13:35:00','2024-03-19 13:35:00',0,NULL),(19,7,9,1,220,'2024-02-24 03:20:00','2024-03-02 03:20:00',1,24),(20,7,29,1,390,'2024-02-25 06:45:00','2024-03-03 06:45:00',1,39),(21,7,46,10,340,'2024-02-26 10:10:00','2024-03-04 10:10:00',0,NULL),(22,8,2,1,270,'2024-03-13 05:30:00','2024-03-20 05:30:00',0,NULL),(23,8,28,1,480,'2024-03-14 08:55:00','2024-03-21 08:55:00',1,55),(24,8,47,20,550,'2024-03-15 12:20:00','2024-03-22 12:20:00',0,NULL),(25,9,15,1,320,'2024-02-22 04:15:00','2024-02-29 04:15:00',1,18),(26,9,32,1,540,'2024-02-23 07:40:00','2024-03-01 07:40:00',1,41),(27,9,45,6,180,'2024-02-24 11:05:00','2024-03-02 11:05:00',0,NULL),(28,10,16,1,380,'2024-03-16 03:40:00','2024-03-23 03:40:00',0,NULL),(29,10,39,1,290,'2024-03-17 07:05:00','2024-03-24 07:05:00',1,60),(30,10,42,12,210,'2024-03-18 10:30:00','2024-03-25 10:30:00',0,NULL),(31,11,10,1,410,'2024-02-20 05:25:00','2024-02-27 05:25:00',1,22),(32,11,31,1,360,'2024-02-21 08:50:00','2024-02-28 08:50:00',1,47),(33,11,48,8,470,'2024-02-22 12:15:00','2024-02-29 12:15:00',0,NULL),(34,12,20,1,280,'2024-03-19 04:50:00','2024-03-26 04:50:00',0,NULL),(35,12,39,1,330,'2024-03-20 08:15:00','2024-03-27 08:15:00',1,63),(36,12,41,15,90,'2024-03-21 11:40:00','2024-03-28 11:40:00',0,NULL),(37,13,8,1,240,'2024-02-18 06:35:00','2024-02-25 06:35:00',1,26),(38,13,30,1,400,'2024-02-19 10:00:00','2024-02-26 10:00:00',1,49),(39,13,49,10,190,'2024-02-20 13:25:00','2024-02-27 13:25:00',0,NULL),(40,14,17,1,350,'2024-03-22 02:45:00','2024-03-29 02:45:00',0,NULL),(41,14,32,1,510,'2024-03-23 06:10:00','2024-03-30 06:10:00',1,66),(42,14,46,9,270,'2024-03-24 09:35:00','2024-03-31 09:35:00',0,NULL),(43,15,1,1,190,'2024-02-16 07:20:00','2024-02-23 07:20:00',1,29),(44,15,21,1,370,'2024-02-17 10:45:00','2024-02-24 10:45:00',1,52),(45,15,44,25,430,'2024-02-18 14:10:00','2024-02-25 14:10:00',0,NULL),(46,16,12,1,310,'2024-03-25 03:15:00','2024-04-01 03:15:00',0,NULL),(47,16,38,1,440,'2024-03-26 06:40:00','2024-04-02 06:40:00',1,69),(48,16,42,7,160,'2024-03-27 10:05:00','2024-04-03 10:05:00',0,NULL),(49,17,3,1,210,'2024-02-14 08:55:00','2024-02-21 08:55:00',1,31),(50,17,29,1,430,'2024-02-15 12:20:00','2024-02-22 12:20:00',1,54),(51,17,45,8,200,'2024-02-16 15:45:00','2024-02-23 15:45:00',0,NULL),(52,18,5,1,460,'2024-03-28 04:25:00','2024-04-04 04:25:00',0,NULL),(53,18,25,1,530,'2024-03-29 07:50:00','2024-04-05 07:50:00',1,72),(54,18,47,18,520,'2024-03-30 11:15:00','2024-04-06 11:15:00',0,NULL),(55,19,7,1,290,'2024-02-12 10:30:00','2024-02-19 10:30:00',1,35),(56,19,30,1,420,'2024-02-13 13:55:00','2024-02-20 13:55:00',1,58),(57,19,63,6,580,'2024-02-14 17:20:00','2024-02-21 17:20:00',0,NULL),(58,20,9,1,230,'2024-03-31 05:35:00','2024-04-07 05:35:00',0,NULL),(59,20,28,1,490,'2024-04-01 09:00:00','2024-04-08 09:00:00',1,75),(60,20,42,10,170,'2024-04-02 12:25:00','2024-04-09 12:25:00',0,NULL),(61,21,11,1,340,'2024-02-10 12:05:00','2024-02-17 12:05:00',1,38),(62,21,31,1,350,'2024-02-11 15:30:00','2024-02-18 15:30:00',1,61),(63,21,48,9,460,'2024-02-12 18:55:00','2024-02-19 18:55:00',0,NULL),(64,22,13,1,260,'2024-04-03 06:45:00','2024-04-10 06:45:00',0,NULL),(65,22,39,1,340,'2024-04-04 10:10:00','2024-04-11 10:10:00',1,78),(66,22,41,20,80,'2024-04-05 13:35:00','2024-04-12 13:35:00',0,NULL),(67,23,8,1,250,'2024-02-08 13:40:00','2024-02-15 13:40:00',1,44),(68,23,30,1,390,'2024-02-09 17:05:00','2024-02-16 17:05:00',1,67),(69,23,49,12,210,'2024-02-09 20:30:00','2024-02-16 20:30:00',0,NULL),(70,24,14,1,370,'2024-04-06 07:55:00','2024-04-13 07:55:00',0,NULL),(71,24,32,1,500,'2024-04-07 11:20:00','2024-04-14 11:20:00',1,81),(72,24,46,11,250,'2024-04-08 14:45:00','2024-04-15 14:45:00',0,NULL),(73,25,2,1,200,'2024-02-06 15:15:00','2024-02-13 15:15:00',1,50),(74,25,21,1,380,'2024-02-07 18:40:00','2024-02-14 18:40:00',1,73),(75,25,44,30,410,'2024-02-07 22:05:00','2024-02-14 22:05:00',0,NULL),(76,26,16,1,390,'2024-04-09 09:05:00','2024-04-16 09:05:00',0,NULL),(77,26,38,1,450,'2024-04-10 12:30:00','2024-04-17 12:30:00',1,84),(78,26,42,6,140,'2024-04-11 15:55:00','2024-04-18 15:55:00',0,NULL),(79,27,4,1,220,'2024-04-12 10:15:00','2024-04-19 10:15:00',0,NULL),(80,27,28,1,470,'2024-04-13 13:40:00','2024-04-20 13:40:00',1,87);
/*!40000 ALTER TABLE `auction` ENABLE KEYS */;
UNLOCK TABLES;

--
-- Table structure for table `battles`
--

DROP TABLE IF EXISTS `battles`;
/*!40101 SET @saved_cs_client     = @@character_set_client */;
/*!50503 SET character_set_client = utf8mb4 */;
CREATE TABLE `battles` (
  `battle_id` int NOT NULL AUTO_INCREMENT,
  `character_id` int NOT NULL,
  `monster_id` int NOT NULL,
  `result` varchar(10) NOT NULL,
  `damage_dealt` int DEFAULT NULL,
  `damage_taken` int DEFAULT NULL,
  `experience_gained` int DEFAULT NULL,
  `gold_gained` int DEFAULT NULL,
  `battle_time` timestamp NULL DEFAULT CURRENT_TIMESTAMP,
  PRIMARY KEY (`battle_id`),
  KEY `monster_id` (`monster_id`),
  KEY `idx_battles_character_time` (`character_id`,`battle_time` DESC),
  CONSTRAINT `battles_ibfk_1` FOREIGN KEY (`character_id`) REFERENCES `characters` (`character_id`),
  CONSTRAINT `battles_ibfk_2` FOREIGN KEY (`monster_id`) REFERENCES `monsters` (`monster_id`)
) ENGINE=InnoDB AUTO_INCREMENT=301 DEFAULT CHARSET=utf8mb4 COLLATE=utf8mb4_0900_ai_ci;
/*!40101 SET character_set_client = @saved_cs_client */;

--
-- Dumping data for table `battles`
--

LOCK TABLES `battles` WRITE;
/*!40000 ALTER TABLE `battles` DISABLE KEYS */;
INSERT INTO `battles` VALUES (1,1,5,'win',85,35,35,12,'2025-05-16 05:15:00'),(2,1,8,'win',95,42,40,14,'2025-05-16 06:30:00'),(3,1,12,'loss',120,220,0,0,'2025-05-15 09:20:00'),(4,2,3,'win',45,18,20,6,'2025-05-16 04:45:00'),(5,2,6,'win',60,25,28,9,'2025-05-16 08:10:00'),(6,2,15,'win',110,65,60,21,'2025-05-15 11:30:00'),(7,3,1,'win',35,12,12,3,'2025-05-16 03:20:00'),(8,3,4,'win',55,22,25,8,'2025-05-16 07:45:00'),(9,3,10,'loss',80,140,0,0,'2025-05-14 12:15:00'),(10,4,2,'win',50,20,20,6,'2025-05-16 09:30:00'),(11,4,7,'win',65,28,30,10,'2025-05-16 10:45:00'),(12,4,18,'win',130,85,95,35,'2025-05-15 14:20:00'),(13,5,5,'win',70,30,35,12,'2025-05-16 06:10:00'),(14,5,9,'win',85,40,40,15,'2025-05-16 08:25:00'),(15,5,20,'loss',150,270,0,0,'2025-05-14 15:40:00'),(16,6,3,'win',40,15,20,6,'2025-05-16 05:35:00'),(17,6,8,'win',75,35,40,14,'2025-05-16 07:50:00'),(18,6,14,'win',100,60,65,22,'2025-05-15 10:05:00'),(19,7,1,'win',38,14,12,3,'2025-05-16 04:20:00'),(20,7,6,'win',62,26,28,9,'2025-05-16 06:35:00'),(21,8,4,'win',58,24,25,8,'2025-05-16 09:50:00'),(22,8,11,'win',90,50,45,16,'2025-05-16 11:05:00'),(23,9,7,'win',68,30,30,10,'2025-05-16 05:15:00'),(24,9,16,'win',120,75,75,28,'2025-05-15 08:30:00'),(25,10,2,'win',48,19,20,6,'2025-05-16 07:45:00'),(26,10,13,'win',105,58,55,20,'2025-05-16 10:00:00'),(27,11,5,'win',72,31,35,12,'2025-05-16 03:30:00'),(28,11,10,'loss',88,160,0,0,'2025-05-15 06:45:00'),(29,12,8,'win',82,38,40,14,'2025-05-16 08:20:00'),(30,12,17,'win',115,70,80,30,'2025-05-15 11:35:00'),(31,13,3,'win',42,17,20,6,'2025-05-16 05:10:00'),(32,13,12,'win',98,55,50,18,'2025-05-16 07:25:00'),(33,14,6,'win',65,27,28,9,'2025-05-16 04:40:00'),(34,14,15,'loss',95,170,0,0,'2025-05-14 09:55:00'),(35,15,1,'win',36,13,12,3,'2025-05-16 06:20:00'),(36,15,9,'win',80,39,40,15,'2025-05-16 08:35:00'),(37,16,4,'win',56,23,25,8,'2025-05-16 10:50:00'),(38,16,19,'win',125,80,90,33,'2025-05-15 13:05:00'),(39,17,7,'win',70,32,30,10,'2025-05-16 03:15:00'),(40,17,14,'win',102,62,65,22,'2025-05-15 06:30:00'),(41,18,2,'win',46,18,20,6,'2025-05-16 07:55:00'),(42,18,18,'win',128,82,95,35,'2025-05-15 10:10:00'),(43,19,5,'win',74,33,35,12,'2025-05-16 05:05:00'),(44,19,13,'loss',108,180,0,0,'2025-05-14 12:20:00'),(45,20,8,'win',84,40,40,14,'2025-05-16 08:15:00'),(46,21,3,'win',44,18,20,6,'2025-05-16 04:35:00'),(47,22,6,'win',67,29,28,9,'2025-05-16 06:50:00'),(48,23,10,'win',92,52,45,16,'2025-05-16 09:05:00'),(49,24,7,'win',72,34,30,10,'2025-05-16 03:25:00'),(50,25,15,'win',110,68,65,22,'2025-05-15 07:40:00'),(51,26,1,'win',37,14,12,3,'2025-05-16 05:55:00'),(52,27,9,'win',82,41,40,15,'2025-05-16 08:10:00'),(53,28,4,'win',57,24,25,8,'2025-05-16 10:25:00'),(54,29,17,'win',118,72,80,30,'2025-05-15 12:40:00'),(55,30,7,'win',71,33,30,10,'2025-05-16 03:05:00'),(56,31,14,'loss',100,165,0,0,'2025-05-14 06:20:00'),(57,32,2,'win',47,19,20,6,'2025-05-16 07:35:00'),(58,33,19,'win',126,81,90,33,'2025-05-15 09:50:00'),(59,34,5,'win',73,32,35,12,'2025-05-16 04:15:00'),(60,35,12,'win',96,56,50,18,'2025-05-16 06:30:00'),(61,36,8,'win',83,39,40,14,'2025-05-16 08:45:00'),(62,37,3,'win',43,17,20,6,'2025-05-16 03:50:00'),(63,38,16,'win',122,76,75,28,'2025-05-15 05:05:00'),(64,39,6,'win',66,28,28,9,'2025-05-16 07:20:00'),(65,40,13,'win',104,59,55,20,'2025-05-16 09:35:00'),(66,41,10,'loss',90,155,0,0,'2025-05-14 11:50:00'),(67,42,7,'win',69,31,30,10,'2025-05-16 04:00:00'),(68,43,18,'win',129,83,95,35,'2025-05-15 06:15:00'),(69,44,1,'win',38,15,12,3,'2025-05-16 08:30:00'),(70,45,9,'win',81,40,40,15,'2025-05-16 10:45:00'),(71,46,5,'win',75,34,35,12,'2025-05-16 03:20:00'),(72,47,15,'win',112,69,65,22,'2025-05-15 05:35:00'),(73,48,2,'win',49,20,20,6,'2025-05-16 07:50:00'),(74,49,17,'win',119,73,80,30,'2025-05-15 10:05:00'),(75,50,8,'win',85,42,40,14,'2025-05-16 04:25:00'),(76,51,4,'win',59,25,25,8,'2025-05-16 06:40:00'),(77,52,14,'win',103,63,65,22,'2025-05-15 08:55:00'),(78,53,3,'win',45,19,20,6,'2025-05-16 03:10:00'),(79,54,12,'loss',94,175,0,0,'2025-05-14 07:25:00'),(80,55,7,'win',73,35,30,10,'2025-05-16 09:40:00'),(81,56,19,'win',127,84,90,33,'2025-05-15 11:55:00'),(82,57,6,'win',68,30,28,9,'2025-05-16 04:05:00'),(83,58,13,'win',106,60,55,20,'2025-05-16 06:20:00'),(84,59,10,'win',94,53,45,16,'2025-05-16 08:35:00'),(85,60,1,'win',39,16,12,3,'2025-05-16 03:45:00'),(86,61,16,'win',121,77,75,28,'2025-05-15 06:00:00'),(87,62,5,'win',76,35,35,12,'2025-05-16 10:15:00'),(88,63,15,'win',113,70,65,22,'2025-05-15 12:30:00'),(89,64,2,'win',50,21,20,6,'2025-05-16 04:50:00'),(90,65,18,'loss',124,200,0,0,'2025-05-14 09:05:00'),(91,66,8,'win',86,43,40,14,'2025-05-16 07:20:00'),(92,67,4,'win',60,26,25,8,'2025-05-16 09:35:00'),(93,68,17,'win',120,74,80,30,'2025-05-15 11:50:00'),(94,69,3,'win',46,20,20,6,'2025-05-16 03:00:00'),(95,70,14,'win',104,64,65,22,'2025-05-15 05:15:00'),(96,71,7,'win',74,36,30,10,'2025-05-16 08:30:00'),(97,72,12,'win',97,57,50,18,'2025-05-16 10:45:00'),(98,73,6,'win',69,31,28,9,'2025-05-16 04:10:00'),(99,74,19,'win',128,85,90,33,'2025-05-15 06:25:00'),(100,75,10,'win',95,54,45,16,'2025-05-16 08:40:00'),(101,1,3,'win',50,22,20,6,'2025-05-14 04:30:00'),(102,1,10,'win',90,50,45,16,'2025-05-13 09:45:00'),(103,2,5,'win',75,34,35,12,'2025-05-14 06:00:00'),(104,2,15,'loss',105,180,0,0,'2025-05-12 11:15:00'),(105,3,2,'win',48,20,20,6,'2025-05-14 03:45:00'),(106,3,12,'win',100,58,50,18,'2025-05-13 08:00:00'),(107,4,4,'win',60,26,25,8,'2025-05-14 05:15:00'),(108,4,18,'win',132,86,95,35,'2025-05-12 10:30:00'),(109,5,1,'win',42,17,12,3,'2025-05-14 02:30:00'),(110,5,9,'win',88,44,40,15,'2025-05-13 07:45:00'),(111,6,6,'win',70,32,28,9,'2025-05-14 04:00:00'),(112,6,16,'win',125,78,75,28,'2025-05-12 09:15:00'),(113,7,3,'win',52,23,20,6,'2025-05-14 03:15:00'),(114,7,13,'loss',110,170,0,0,'2025-05-11 08:30:00'),(115,8,2,'win',50,21,20,6,'2025-05-14 05:30:00'),(116,8,17,'win',122,75,80,30,'2025-05-12 10:45:00'),(117,9,5,'win',78,36,35,12,'2025-05-14 02:45:00'),(118,9,14,'win',108,66,65,22,'2025-05-13 08:00:00'),(119,10,1,'win',44,18,12,3,'2025-05-14 04:15:00'),(120,10,11,'win',95,55,45,16,'2025-05-12 09:30:00'),(121,11,4,'win',62,27,25,8,'2025-05-14 03:30:00'),(122,11,19,'win',130,88,90,33,'2025-05-11 08:45:00'),(123,12,7,'win',76,37,30,10,'2025-05-14 05:45:00'),(124,12,15,'win',115,71,65,22,'2025-05-12 11:00:00'),(125,13,3,'win',54,24,20,6,'2025-05-14 02:00:00'),(126,13,12,'win',102,60,50,18,'2025-05-13 07:15:00'),(127,14,6,'win',72,33,28,9,'2025-05-14 04:30:00'),(128,14,18,'loss',128,210,0,0,'2025-05-11 09:30:00'),(129,15,2,'win',52,22,20,6,'2025-05-14 03:45:00'),(130,15,16,'win',127,79,75,28,'2025-05-12 09:00:00'),(131,16,5,'win',80,38,35,12,'2025-05-14 05:00:00'),(132,16,13,'win',112,67,55,20,'2025-05-13 10:15:00'),(133,17,1,'win',46,19,12,3,'2025-05-14 02:15:00'),(134,17,10,'win',96,56,45,16,'2025-05-12 07:30:00'),(135,18,4,'win',64,28,25,8,'2025-05-14 04:30:00'),(136,18,17,'win',124,76,80,30,'2025-05-11 08:45:00'),(137,19,7,'win',78,39,30,10,'2025-05-14 03:45:00'),(138,19,14,'win',110,68,65,22,'2025-05-12 09:00:00'),(139,20,3,'win',56,25,20,6,'2025-05-14 05:15:00'),(140,21,8,'win',88,45,40,14,'2025-05-13 10:30:00'),(141,22,2,'win',54,23,20,6,'2025-05-14 02:30:00'),(142,23,15,'win',117,72,65,22,'2025-05-12 07:45:00'),(143,24,6,'win',74,34,28,9,'2025-05-14 04:45:00'),(144,25,12,'win',104,61,50,18,'2025-05-13 10:00:00'),(145,26,1,'win',48,20,12,3,'2025-05-14 03:00:00'),(146,27,9,'win',90,46,40,15,'2025-05-12 08:15:00'),(147,28,4,'win',66,29,25,8,'2025-05-14 05:30:00'),(148,29,18,'loss',126,205,0,0,'2025-05-11 09:45:00'),(149,30,7,'win',80,40,30,10,'2025-05-14 02:45:00'),(150,31,3,'win',58,26,20,6,'2025-05-14 04:00:00'),(151,32,16,'win',129,80,75,28,'2025-05-12 09:15:00'),(152,33,5,'win',82,39,35,12,'2025-05-14 06:15:00'),(153,34,13,'win',114,69,55,20,'2025-05-13 11:30:00'),(154,35,2,'win',56,24,20,6,'2025-05-14 03:15:00'),(155,36,10,'win',98,57,45,16,'2025-05-12 08:30:00'),(156,37,4,'win',68,30,25,8,'2025-05-14 05:45:00'),(157,38,17,'win',126,77,80,30,'2025-05-11 10:00:00'),(158,39,7,'win',82,41,30,10,'2025-05-14 03:00:00'),(159,40,14,'win',112,70,65,22,'2025-05-12 08:15:00'),(160,41,3,'win',60,27,20,6,'2025-05-14 06:30:00'),(161,42,12,'win',106,62,50,18,'2025-05-13 11:45:00'),(162,43,6,'win',76,35,28,9,'2025-05-14 04:15:00'),(163,44,19,'win',132,89,90,33,'2025-05-11 09:30:00'),(164,45,8,'win',92,47,40,14,'2025-05-14 03:30:00'),(165,46,5,'win',84,40,35,12,'2025-05-13 08:45:00'),(166,47,15,'win',119,73,65,22,'2025-05-12 10:00:00'),(167,48,2,'win',58,25,20,6,'2025-05-14 06:45:00'),(168,49,18,'win',130,87,95,35,'2025-05-11 10:15:00'),(169,50,7,'win',84,42,30,10,'2025-05-14 04:30:00'),(170,51,4,'win',70,31,25,8,'2025-05-13 09:45:00'),(171,52,16,'loss',124,195,0,0,'2025-05-11 11:00:00'),(172,53,3,'win',62,28,20,6,'2025-05-14 03:45:00'),(173,54,13,'win',116,71,55,20,'2025-05-12 10:15:00'),(174,55,6,'win',78,36,28,9,'2025-05-14 07:00:00'),(175,56,11,'win',100,58,45,16,'2025-05-13 12:15:00'),(176,57,2,'win',60,26,20,6,'2025-05-14 04:15:00'),(177,58,17,'win',128,78,80,30,'2025-05-12 09:30:00'),(178,59,5,'win',86,41,35,12,'2025-05-14 02:30:00'),(179,60,14,'win',114,72,65,22,'2025-05-13 07:45:00'),(180,61,4,'win',72,32,25,8,'2025-05-14 05:00:00'),(181,62,19,'win',134,90,90,33,'2025-05-11 10:15:00'),(182,63,7,'win',86,43,30,10,'2025-05-14 03:15:00'),(183,64,12,'win',108,63,50,18,'2025-05-12 08:30:00'),(184,65,3,'win',64,29,20,6,'2025-05-14 06:30:00'),(185,66,15,'win',121,74,65,22,'2025-05-11 11:45:00'),(186,67,6,'win',80,37,28,9,'2025-05-14 04:45:00'),(187,68,10,'win',102,59,45,16,'2025-05-13 10:00:00'),(188,69,2,'win',62,27,20,6,'2025-05-14 03:00:00'),(189,70,18,'loss',129,210,0,0,'2025-05-11 08:15:00'),(190,71,5,'win',88,42,35,12,'2025-05-14 07:15:00'),(191,72,13,'win',118,73,55,20,'2025-05-12 12:30:00'),(192,73,4,'win',74,33,25,8,'2025-05-14 05:30:00'),(193,74,16,'win',131,82,75,28,'2025-05-11 10:45:00'),(194,75,7,'win',88,44,30,10,'2025-05-14 04:00:00'),(195,76,14,'win',116,74,65,22,'2025-05-12 09:15:00'),(196,77,3,'win',66,30,20,6,'2025-05-14 06:45:00'),(197,78,11,'win',104,60,45,16,'2025-05-13 12:00:00'),(198,79,6,'win',82,38,28,9,'2025-05-14 03:30:00'),(199,80,19,'win',136,91,90,33,'2025-05-11 11:15:00'),(200,1,8,'win',92,46,40,14,'2025-05-10 05:30:00'),(201,2,12,'loss',110,185,0,0,'2025-05-09 10:45:00'),(202,3,5,'win',80,37,35,12,'2025-05-10 04:00:00'),(203,4,16,'win',128,81,75,28,'2025-05-09 09:15:00'),(204,5,3,'win',58,26,20,6,'2025-05-10 07:30:00'),(205,6,14,'win',114,70,65,22,'2025-05-09 12:45:00'),(206,7,2,'win',56,24,20,6,'2025-05-10 03:15:00'),(207,8,18,'win',130,84,95,35,'2025-05-09 08:30:00'),(208,9,6,'win',78,36,28,9,'2025-05-10 06:45:00'),(209,10,13,'loss',120,175,0,0,'2025-05-08 12:00:00'),(210,11,4,'win',72,32,25,8,'2025-05-10 02:30:00'),(211,12,17,'win',126,77,80,30,'2025-05-09 07:45:00'),(212,13,7,'win',84,42,30,10,'2025-05-10 05:00:00'),(213,14,15,'win',118,72,65,22,'2025-05-09 10:15:00'),(214,15,3,'win',60,27,20,6,'2025-05-10 03:30:00'),(215,16,12,'win',108,63,50,18,'2025-05-09 08:45:00'),(216,17,6,'win',80,37,28,9,'2025-05-10 06:00:00'),(217,18,19,'win',134,89,90,33,'2025-05-08 11:15:00'),(218,19,5,'win',82,39,35,12,'2025-05-10 02:45:00'),(219,20,14,'win',116,71,65,22,'2025-05-09 08:00:00'),(220,21,4,'win',74,33,25,8,'2025-05-10 05:15:00'),(221,22,16,'loss',129,200,0,0,'2025-05-08 10:30:00'),(222,23,3,'win',62,28,20,6,'2025-05-10 03:00:00'),(223,24,13,'win',122,74,55,20,'2025-05-09 08:15:00'),(224,25,7,'win',86,43,30,10,'2025-05-10 06:30:00'),(225,26,10,'win',100,58,45,16,'2025-05-09 11:45:00'),(226,27,2,'win',62,27,20,6,'2025-05-10 02:15:00'),(227,28,18,'win',132,85,95,35,'2025-05-08 07:30:00'),(228,29,5,'win',84,40,35,12,'2025-05-10 05:30:00'),(229,30,15,'win',120,73,65,22,'2025-05-09 10:45:00'),(230,31,4,'win',76,34,25,8,'2025-05-10 03:45:00'),(231,32,17,'win',128,78,80,30,'2025-05-08 09:00:00'),(232,33,7,'win',88,44,30,10,'2025-05-10 07:15:00'),(233,34,12,'win',110,64,50,18,'2025-05-09 12:30:00'),(234,35,3,'win',64,29,20,6,'2025-05-10 02:30:00'),(235,36,19,'win',136,90,90,33,'2025-05-08 07:45:00'),(236,37,6,'win',82,38,28,9,'2025-05-10 05:45:00'),(237,38,11,'win',106,61,45,16,'2025-05-09 11:00:00'),(238,39,2,'win',64,28,20,6,'2025-05-10 03:00:00'),(239,40,16,'win',133,83,75,28,'2025-05-08 08:15:00'),(240,41,5,'win',86,41,35,12,'2025-05-10 06:15:00'),(241,42,14,'loss',118,180,0,0,'2025-05-07 11:30:00'),(242,43,4,'win',78,35,25,8,'2025-05-10 02:45:00'),(243,44,18,'win',134,86,95,35,'2025-05-08 08:00:00'),(244,45,7,'win',90,45,30,10,'2025-05-10 05:00:00'),(245,46,13,'win',124,75,55,20,'2025-05-09 10:15:00'),(246,47,3,'win',66,30,20,6,'2025-05-10 03:15:00'),(247,48,15,'win',122,74,65,22,'2025-05-08 08:30:00'),(248,49,6,'win',84,39,28,9,'2025-05-10 06:30:00'),(249,50,10,'win',108,62,45,16,'2025-05-09 11:45:00'),(250,51,2,'win',66,29,20,6,'2025-05-10 02:00:00'),(251,52,17,'win',130,79,80,30,'2025-05-08 07:15:00'),(252,53,5,'win',88,42,35,12,'2025-05-10 05:15:00'),(253,54,12,'win',112,65,50,18,'2025-05-09 10:30:00'),(254,55,4,'win',80,36,25,8,'2025-05-10 03:30:00'),(255,56,19,'loss',138,215,0,0,'2025-05-07 08:45:00'),(256,57,7,'win',92,46,30,10,'2025-05-10 06:45:00'),(257,58,14,'win',120,76,65,22,'2025-05-09 12:00:00'),(258,59,3,'win',68,31,20,6,'2025-05-10 02:15:00'),(259,60,16,'win',135,84,75,28,'2025-05-08 07:30:00'),(260,61,6,'win',86,40,28,9,'2025-05-10 05:30:00'),(261,62,11,'win',110,63,45,16,'2025-05-09 10:45:00'),(262,63,2,'win',68,30,20,6,'2025-05-10 03:45:00'),(263,64,18,'win',136,87,95,35,'2025-05-08 09:00:00'),(264,65,5,'win',90,43,35,12,'2025-05-10 07:00:00'),(265,66,13,'win',126,76,55,20,'2025-05-09 12:15:00'),(266,67,4,'win',82,37,25,8,'2025-05-10 04:15:00'),(267,68,15,'win',124,75,65,22,'2025-05-08 09:30:00'),(268,69,7,'win',94,47,30,10,'2025-05-10 06:15:00'),(269,70,12,'loss',114,190,0,0,'2025-05-07 11:30:00'),(270,71,3,'win',70,32,20,6,'2025-05-10 03:00:00'),(271,72,19,'win',140,92,90,33,'2025-05-08 08:15:00'),(272,73,6,'win',88,41,28,9,'2025-05-10 05:15:00'),(273,74,10,'win',112,64,45,16,'2025-05-09 10:30:00'),(274,75,2,'win',70,31,20,6,'2025-05-10 03:30:00'),(275,76,17,'win',132,80,80,30,'2025-05-08 08:45:00'),(276,77,5,'win',92,44,35,12,'2025-05-10 06:30:00'),(277,78,14,'win',122,77,65,22,'2025-05-09 11:45:00'),(278,79,4,'win',84,38,25,8,'2025-05-10 04:45:00'),(279,80,16,'win',137,85,75,28,'2025-05-08 10:00:00'),(280,81,7,'win',96,48,30,10,'2025-05-10 07:15:00'),(281,82,13,'win',128,77,55,20,'2025-05-09 12:30:00'),(282,83,3,'win',72,33,20,6,'2025-05-10 03:15:00'),(283,84,18,'loss',138,220,0,0,'2025-05-07 08:30:00'),(284,85,6,'win',90,42,28,9,'2025-05-10 05:30:00'),(285,86,11,'win',114,65,45,16,'2025-05-09 10:45:00'),(286,87,2,'win',72,32,20,6,'2025-05-10 03:45:00'),(287,88,15,'win',126,78,65,22,'2025-05-08 09:00:00'),(288,89,5,'win',94,45,35,12,'2025-05-10 06:45:00'),(289,90,12,'win',116,67,50,18,'2025-05-09 12:00:00'),(290,91,4,'win',86,39,25,8,'2025-05-10 05:00:00'),(291,92,19,'win',142,93,90,33,'2025-05-08 10:15:00'),(292,93,7,'win',98,49,30,10,'2025-05-10 07:30:00'),(293,94,14,'win',124,79,65,22,'2025-05-09 12:45:00'),(294,95,3,'win',74,34,20,6,'2025-05-10 04:15:00'),(295,96,16,'win',139,86,75,28,'2025-05-08 09:30:00'),(296,97,6,'win',92,43,28,9,'2025-05-10 05:45:00'),(297,97,10,'win',116,66,45,16,'2025-05-09 11:00:00'),(298,93,2,'win',74,33,20,6,'2025-05-10 04:00:00'),(299,91,17,'win',134,81,80,30,'2025-05-08 09:15:00'),(300,1,7,'win',65,28,30,10,'2025-05-12 10:55:00');
/*!40000 ALTER TABLE `battles` ENABLE KEYS */;
UNLOCK TABLES;

--
-- Table structure for table `characters`
--

DROP TABLE IF EXISTS `characters`;
/*!40101 SET @saved_cs_client     = @@character_set_client */;
/*!50503 SET character_set_client = utf8mb4 */;
CREATE TABLE `characters` (
  `character_id` int NOT NULL AUTO_INCREMENT,
  `player_id` int NOT NULL,
  `name` varchar(50) NOT NULL,
  `class` varchar(20) NOT NULL,
  `level` int DEFAULT '1',
  `experience` int DEFAULT '0',
  `health` int DEFAULT '100',
  `max_health` int DEFAULT '100',
  `mana` int DEFAULT '50',
  `max_mana` int DEFAULT '50',
  `strength` int DEFAULT '10',
  `agility` int DEFAULT '10',
  `intelligence` int DEFAULT '10',
  `gold` int DEFAULT '100',
  `position_x` float DEFAULT '0',
  `position_y` float DEFAULT '0',
  `created_at` timestamp NULL DEFAULT CURRENT_TIMESTAMP,
  `last_played` timestamp NULL DEFAULT NULL,
  PRIMARY KEY (`character_id`),
  UNIQUE KEY `name` (`name`),
  UNIQUE KEY `idx_characters_name` (`name`),
  KEY `idx_characters_player` (`player_id`),
  CONSTRAINT `characters_ibfk_1` FOREIGN KEY (`player_id`) REFERENCES `players` (`player_id`)
) ENGINE=InnoDB AUTO_INCREMENT=98 DEFAULT CHARSET=utf8mb4 COLLATE=utf8mb4_0900_ai_ci;
/*!40101 SET character_set_client = @saved_cs_client */;

--
-- Dumping data for table `characters`
--

LOCK TABLES `characters` WRITE;
/*!40000 ALTER TABLE `characters` DISABLE KEYS */;
INSERT INTO `characters` VALUES (1,1,'Aragorn','warrior',45,50000,850,850,150,150,65,40,25,8500,120.5,240.3,'2024-11-16 06:00:00','2025-05-16 09:20:00'),(2,1,'Gandalf','mage',52,75000,550,550,900,900,25,35,85,12000,180.2,320.7,'2024-12-10 10:30:00','2025-05-15 14:40:00'),(3,2,'Legolas','archer',48,62000,650,650,350,350,40,75,30,9800,150.8,280.4,'2024-11-22 07:15:00','2025-05-16 10:45:00'),(4,2,'Eowyn','warrior',32,28000,600,600,120,120,50,35,20,4500,95.3,190.9,'2025-01-15 05:00:00','2025-05-14 13:30:00'),(5,3,'Conan','warrior',28,22000,580,580,100,100,48,30,15,3800,88.3,175.9,'2024-12-06 05:00:00','2025-05-15 17:10:00'),(6,4,'Merlin','mage',58,90000,600,600,1100,1100,20,30,95,15000,220.1,380.5,'2024-12-11 10:45:00','2025-05-16 05:30:00'),(7,5,'Hawkeye','archer',35,32000,530,530,280,280,35,60,25,5200,110.7,210.2,'2024-12-16 13:00:00','2025-05-14 13:25:00'),(8,6,'Hercules','warrior',25,18000,550,550,90,90,45,28,18,3000,80.5,160.8,'2025-01-26 09:30:00','2025-05-16 07:15:00'),(9,7,'Morgana','mage',38,35000,480,480,700,700,22,28,65,6500,150.4,260.6,'2025-01-03 04:20:00','2025-05-13 15:40:00'),(10,8,'Robin','archer',42,40000,590,590,320,320,38,70,28,7200,130.9,240.3,'2025-01-11 13:45:00','2025-05-16 04:20:00'),(11,9,'Thor','warrior',55,80000,950,950,180,180,75,45,30,13500,200.6,350.4,'2025-01-16 08:40:00','2025-05-15 11:55:00'),(12,10,'Zeddicus','mage',47,58000,520,520,850,850,24,32,80,9500,160.3,290.9,'2025-01-23 15:10:00','2025-05-16 06:10:00'),(13,11,'Artemis','archer',34,30000,540,540,290,290,32,55,22,4900,105.2,205.7,'2025-01-29 11:30:00','2025-05-14 09:30:00'),(14,12,'Spartacus','warrior',39,36000,680,680,130,130,55,38,20,6200,145.1,270.8,'2025-02-06 06:25:00','2025-05-16 08:45:00'),(15,13,'Sabrina','mage',36,33000,490,490,650,650,20,25,62,5800,120.8,235.2,'2025-02-11 10:50:00','2025-05-15 14:20:00'),(16,14,'William','archer',27,20000,510,510,250,250,28,45,20,3500,95.4,185.6,'2025-02-16 07:35:00','2025-05-16 03:15:00'),(17,15,'Beowulf','warrior',22,15000,500,500,80,80,42,30,15,2500,75.8,165.3,'2025-02-21 05:20:00','2025-05-13 16:30:00'),(18,16,'Circe','mage',46,55000,530,530,900,900,18,24,85,9000,170.5,310.1,'2025-02-26 12:25:00','2025-05-16 05:25:00'),(19,17,'Cupid','archer',44,48000,610,610,340,340,40,75,30,8000,165.7,295.4,'2025-03-02 09:10:00','2025-05-15 12:40:00'),(20,18,'Zeus','warrior',57,85000,1000,1000,200,200,80,50,35,14500,210.9,370.7,'2025-03-06 14:45:00','2025-05-16 07:55:00'),(21,19,'Hecate','mage',31,26000,450,450,550,550,16,22,58,4200,90.3,195.8,'2025-03-11 06:30:00','2025-05-14 10:20:00'),(22,20,'Aurora','mage',29,23000,430,430,500,500,15,20,52,3800,85.6,180.4,'2025-03-13 10:00:00','2025-05-16 04:35:00'),(23,21,'Bane','warrior',26,19000,520,520,95,95,44,32,18,3200,80.2,170.7,'2025-03-12 07:45:00','2025-05-15 09:20:00'),(24,22,'Crystal','archer',38,35000,570,570,310,310,35,65,25,6200,155.8,285.1,'2025-03-11 05:30:00','2025-05-16 07:55:00'),(25,23,'Draco','mage',44,50000,560,560,850,850,22,30,78,8500,180.4,325.8,'2025-03-10 03:15:00','2025-05-15 12:40:00'),(26,24,'Eclipse','warrior',41,42000,720,720,140,140,60,40,22,7500,165.9,300.3,'2025-03-09 11:00:00','2025-05-16 05:25:00'),(27,25,'Frost','archer',35,32000,550,550,300,300,33,58,26,5800,125.6,245.7,'2025-03-08 08:45:00','2025-05-14 10:20:00'),(28,26,'Gaia','mage',32,27000,460,460,580,580,17,23,56,4600,100.3,215.2,'2025-03-07 06:30:00','2025-05-16 03:15:00'),(29,27,'Hades','warrior',50,65000,850,850,160,160,70,45,28,11000,215.7,370.6,'2025-03-06 04:15:00','2025-05-15 14:20:00'),(30,29,'Jupiter','mage',51,70000,590,590,950,950,25,35,88,12000,225.5,380.8,'2025-03-04 09:45:00','2025-05-14 09:30:00'),(31,30,'Kael','warrior',33,29000,610,610,110,110,52,35,20,5000,115.3,235.8,'2025-03-15 13:30:00','2025-05-14 11:40:00'),(32,32,'Morrigan','mage',40,38000,510,510,720,720,21,27,68,6800,140.2,275.6,'2025-03-13 07:00:00','2025-05-12 14:45:00'),(33,33,'Nexus','warrior',37,34000,670,670,125,125,58,38,21,5900,135.9,265.3,'2025-03-12 03:45:00','2025-05-11 12:20:00'),(34,35,'Pandora','mage',34,31000,470,470,600,600,18,24,60,5400,110.8,245.2,'2025-03-09 21:15:00','2025-05-09 09:30:00'),(35,36,'Quicksilver','warrior',28,22000,560,560,100,100,46,33,17,3700,92.5,195.6,'2025-03-09 18:00:00','2025-05-08 08:05:00'),(36,37,'Raven','archer',39,37000,580,580,320,320,36,62,27,6500,142.3,285.4,'2025-03-08 14:45:00','2025-05-07 06:40:00'),(37,38,'Soren','mage',45,52000,540,540,820,820,23,31,82,8800,175.6,315.8,'2025-03-07 11:30:00','2025-05-06 05:15:00'),(38,39,'Titan','warrior',49,60000,800,800,150,150,68,42,26,10500,195.4,345.2,'2025-03-06 08:15:00','2025-05-05 03:50:00'),(39,40,'Ursa','archer',36,33000,560,560,310,310,34,60,24,5700,132.7,275.9,'2025-03-05 05:00:00','2025-05-04 12:25:00'),(40,41,'Vex','mage',31,26000,455,455,560,560,17,22,57,4300,95.4,210.3,'2025-03-04 01:45:00','2025-05-03 07:00:00'),(41,42,'Wolfgang','warrior',35,31500,630,630,115,115,54,36,19,5200,122.8,255.7,'2025-03-02 22:30:00','2025-05-02 01:35:00'),(42,43,'Xena','archer',41,41000,590,590,335,335,37,65,28,7100,148.9,305.4,'2025-03-01 19:15:00','2025-05-01 10:10:00'),(43,44,'Ymir','mage',38,36000,500,500,680,680,20,26,66,6400,138.5,290.1,'2025-03-01 16:00:00','2025-04-30 18:45:00'),(44,45,'Zephyr','warrior',30,24000,580,580,105,105,50,34,18,4000,108.3,235.6,'2025-02-28 12:45:00','2025-04-29 13:20:00'),(45,46,'Aella','archer',33,28500,545,545,295,295,31,53,23,4800,118.2,265.8,'2025-02-27 09:30:00','2025-04-28 07:55:00'),(46,47,'Bryn','mage',42,44000,525,525,750,750,21,28,72,7700,152.4,320.6,'2025-02-26 06:15:00','2025-04-27 02:30:00'),(47,48,'Cassian','warrior',44,48000,740,740,135,135,62,40,23,8200,168.9,335.2,'2025-02-25 03:00:00','2025-04-25 21:05:00'),(48,49,'Dante','archer',37,34000,570,570,315,315,35,62,25,6000,140.5,295.7,'2025-02-23 23:45:00','2025-04-25 15:40:00'),(49,50,'Elysia','mage',39,37000,515,515,700,700,19,25,70,6900,145.8,310.4,'2025-02-22 20:30:00','2025-04-24 10:15:00'),(50,51,'Fenrir','warrior',27,21000,570,570,98,98,47,31,16,3500,102.6,225.3,'2025-02-22 17:15:00','2025-04-23 04:50:00'),(51,52,'Gwen','archer',40,39000,585,585,325,325,36,63,27,6800,147.2,310.8,'2025-02-21 14:00:00','2025-04-21 23:25:00'),(52,53,'Hector','mage',36,33000,495,495,620,620,18,24,64,5900,135.7,300.2,'2025-02-20 10:45:00','2025-04-21 18:00:00'),(53,54,'Ivy','warrior',32,27500,600,600,108,108,51,35,19,4500,118.4,265.9,'2025-02-19 07:30:00','2025-04-20 12:35:00'),(54,55,'Jax','archer',34,30500,550,550,305,305,33,57,24,5300,128.9,285.6,'2025-02-18 04:15:00','2025-04-19 07:10:00'),(55,56,'Kiera','mage',43,46000,530,530,780,780,22,29,75,8100,158.3,330.7,'2025-02-17 01:00:00','2025-04-18 01:45:00'),(56,57,'Lior','warrior',38,35000,660,660,120,120,56,37,20,5800,142.8,305.4,'2025-02-15 21:45:00','2025-04-16 20:20:00'),(57,58,'Maeve','archer',31,26500,535,535,285,285,29,48,21,4400,112.5,275.3,'2025-02-14 18:30:00','2025-04-16 14:55:00'),(58,59,'Nolan','mage',37,34500,505,505,670,670,19,25,68,6300,140.6,315.8,'2025-02-13 15:15:00','2025-04-15 09:30:00'),(59,60,'Orin','warrior',29,22500,590,590,102,102,48,33,17,3800,115.2,275.6,'2025-02-12 12:00:00','2025-04-14 04:05:00'),(60,61,'Piper','archer',42,43000,595,595,340,340,39,70,29,7500,160.4,325.9,'2025-02-11 08:45:00','2025-04-12 22:40:00'),(61,62,'Quinn','mage',35,32000,485,485,610,610,17,23,63,5600,130.8,300.4,'2025-02-10 05:30:00','2025-04-12 17:15:00'),(62,63,'Rook','warrior',40,38000,690,690,125,125,58,39,21,6700,155.7,335.2,'2025-02-09 02:15:00','2025-04-11 11:50:00'),(63,64,'Sylvia','archer',38,35500,575,575,320,320,35,64,26,6200,145.3,310.8,'2025-02-07 23:00:00','2025-04-10 06:25:00'),(64,65,'Thorne','mage',41,40000,520,520,730,730,20,27,74,7200,150.9,340.6,'2025-02-06 19:45:00','2025-04-09 01:00:00'),(65,66,'Uri','warrior',34,29500,620,620,112,112,53,36,20,4900,125.6,295.7,'2025-02-05 16:30:00','2025-04-07 19:35:00'),(66,67,'Vera','archer',36,33500,565,565,315,315,34,61,25,5900,138.4,320.5,'2025-02-04 13:15:00','2025-04-07 14:10:00'),(67,68,'Wren','mage',39,36500,510,510,690,690,19,26,71,6600,148.2,335.9,'2025-02-03 10:00:00','2025-04-06 08:45:00'),(68,69,'Xander','warrior',31,25500,610,610,106,106,49,34,18,4200,120.3,285.4,'2025-02-02 06:45:00','2025-04-05 03:20:00'),(69,70,'Yara','archer',33,29000,555,555,300,300,32,55,23,5100,128.7,305.8,'2025-02-01 03:30:00','2025-04-03 22:55:00'),(70,71,'Zane','mage',44,47000,535,535,800,800,22,30,79,8300,165.8,355.2,'2025-01-31 00:15:00','2025-04-03 18:30:00'),(71,72,'Atlas','warrior',46,53000,780,780,140,140,65,41,24,9200,175.4,365.7,'2025-01-29 21:00:00','2025-04-02 14:05:00'),(72,73,'Briar','archer',40,38500,590,590,330,330,37,66,28,7000,152.6,335.4,'2025-01-28 17:45:00','2025-04-01 09:40:00'),(73,74,'Cora','mage',37,34000,500,500,660,660,18,25,67,6100,142.5,325.8,'2025-01-27 14:30:00','2025-03-31 05:15:00'),(74,75,'Draven','warrior',35,31000,640,640,115,115,55,37,19,5300,135.2,315.6,'2025-01-26 11:15:00','2025-03-30 00:50:00'),(75,76,'Elara','archer',39,36000,580,580,325,325,36,63,27,6400,148.9,345.2,'2025-01-25 08:00:00','2025-03-28 20:25:00'),(76,77,'Finn','mage',42,42000,525,525,740,740,21,28,73,7400,155.3,360.7,'2025-01-24 04:45:00','2025-03-28 16:00:00'),(77,78,'Galen','warrior',33,28000,615,615,110,110,52,35,20,4700,122.8,305.9,'2025-01-23 01:30:00','2025-03-27 11:35:00'),(78,79,'Haven','archer',37,34500,570,570,318,318,35,61,26,6100,143.5,330.4,'2025-01-21 22:15:00','2025-03-26 07:10:00'),(79,80,'Iris','mage',40,37500,515,515,710,710,20,26,72,6800,152.8,350.6,'2025-01-20 19:00:00','2025-03-25 02:45:00'),(80,81,'Jett','warrior',28,21500,575,575,100,100,46,32,17,3600,118.6,295.3,'2025-01-19 15:45:00','2025-03-23 22:20:00'),(81,82,'Kai','archer',41,39500,595,595,338,338,38,68,28,7300,158.2,365.8,'2025-01-18 12:30:00','2025-03-23 17:55:00'),(82,83,'Luna','mage',38,35000,505,505,680,680,19,25,69,6500,147.4,340.2,'2025-01-17 09:15:00','2025-03-22 13:30:00'),(83,84,'Milo','warrior',36,32500,650,650,118,118,57,38,20,5600,140.7,325.6,'2025-01-16 06:00:00','2025-03-21 09:05:00'),(84,85,'Nova','archer',39,36500,585,585,328,328,36,64,27,6700,152.3,355.9,'2025-01-15 02:45:00','2025-03-20 04:40:00'),(85,86,'Orion','mage',43,44000,530,530,770,770,21,29,76,7900,162.9,370.4,'2025-01-13 23:30:00','2025-03-19 00:15:00'),(86,87,'Pax','warrior',30,23500,595,595,104,104,49,34,18,4100,125.3,315.7,'2025-01-12 20:15:00','2025-03-17 19:50:00'),(87,88,'Quin','archer',35,31500,560,560,310,310,33,58,24,5500,138.6,340.5,'2025-01-11 17:00:00','2025-03-17 15:25:00'),(88,89,'Rune','mage',41,39000,520,520,720,720,20,27,74,7100,155.2,365.8,'2025-01-10 13:45:00','2025-03-16 11:00:00'),(89,90,'Sage','warrior',34,29000,625,625,111,111,53,36,19,5000,132.5,335.4,'2025-01-09 10:30:00','2025-03-15 06:35:00'),(90,91,'Talia','archer',38,34500,575,575,322,322,35,62,26,6300,147.8,350.6,'2025-01-08 07:15:00','2025-03-14 02:10:00'),(91,92,'Uriah','mage',39,36000,510,510,695,695,19,26,70,6600,150.4,360.2,'2025-01-07 04:00:00','2025-03-12 21:45:00'),(92,93,'Vale','warrior',37,33500,660,660,120,120,56,38,20,5800,145.6,345.8,'2025-01-06 00:45:00','2025-03-12 17:20:00'),(93,94,'Wynn','archer',36,33000,570,570,317,317,34,60,25,6000,142.3,355.4,'2025-01-04 21:30:00','2025-03-11 12:55:00'),(94,95,'Xerxes','mage',44,45000,540,540,810,810,22,30,80,8200,168.7,375.9,'2025-01-03 18:15:00','2025-03-10 08:30:00'),(95,96,'Yael','warrior',32,27000,605,605,107,107,51,35,19,4600,128.9,325.6,'2025-01-02 15:00:00','2025-03-09 04:05:00'),(96,97,'Zara','archer',40,38000,590,590,335,335,37,67,28,7200,155.4,370.8,'2025-01-01 11:45:00','2025-03-07 23:40:00'),(97,98,'Aric','mage',37,34000,505,505,665,665,18,25,68,6200,144.6,350.2,'2024-12-31 08:30:00','2025-03-06 19:15:00');
/*!40000 ALTER TABLE `characters` ENABLE KEYS */;
UNLOCK TABLES;

--
-- Table structure for table `friends`
--

DROP TABLE IF EXISTS `friends`;
/*!40101 SET @saved_cs_client     = @@character_set_client */;
/*!50503 SET character_set_client = utf8mb4 */;
CREATE TABLE `friends` (
  `player_id` int NOT NULL,
  `friend_id` int NOT NULL,
  `status` varchar(20) DEFAULT 'pending',
  `created_at` timestamp NULL DEFAULT CURRENT_TIMESTAMP,
  PRIMARY KEY (`player_id`,`friend_id`),
  KEY `friend_id` (`friend_id`),
  CONSTRAINT `friends_ibfk_1` FOREIGN KEY (`player_id`) REFERENCES `players` (`player_id`),
  CONSTRAINT `friends_ibfk_2` FOREIGN KEY (`friend_id`) REFERENCES `players` (`player_id`)
) ENGINE=InnoDB DEFAULT CHARSET=utf8mb4 COLLATE=utf8mb4_0900_ai_ci;
/*!40101 SET character_set_client = @saved_cs_client */;

--
-- Dumping data for table `friends`
--

LOCK TABLES `friends` WRITE;
/*!40000 ALTER TABLE `friends` DISABLE KEYS */;
INSERT INTO `friends` VALUES (1,2,'accepted','2024-01-10 04:15:00'),(1,3,'accepted','2024-01-12 09:30:00'),(1,4,'pending','2024-02-05 06:45:00'),(1,5,'accepted','2024-02-15 11:20:00'),(1,6,'blocked','2024-03-01 05:10:00'),(2,1,'accepted','2024-01-10 04:15:00'),(2,7,'accepted','2024-01-18 08:25:00'),(2,8,'accepted','2024-02-02 10:40:00'),(2,9,'pending','2024-02-20 04:55:00'),(2,10,'accepted','2024-03-05 09:15:00'),(3,1,'accepted','2024-01-12 09:30:00'),(3,11,'accepted','2024-01-25 06:30:00'),(3,12,'accepted','2024-02-10 11:45:00'),(3,13,'pending','2024-02-28 05:20:00'),(4,1,'pending','2024-02-05 06:45:00'),(4,14,'accepted','2024-01-15 08:50:00'),(4,15,'accepted','2024-02-12 03:35:00'),(4,16,'blocked','2024-03-10 07:25:00'),(5,1,'accepted','2024-02-15 11:20:00'),(5,17,'accepted','2024-01-20 05:45:00'),(5,18,'accepted','2024-02-05 09:30:00'),(5,19,'accepted','2024-02-25 04:15:00'),(5,20,'pending','2024-03-08 06:50:00'),(6,1,'blocked','2024-03-01 05:10:00'),(6,21,'accepted','2024-01-22 10:20:00'),(6,22,'accepted','2024-02-18 07:40:00'),(6,23,'accepted','2024-03-05 09:55:00'),(7,2,'accepted','2024-01-18 08:25:00'),(7,24,'accepted','2024-01-30 04:40:00'),(7,25,'accepted','2024-02-14 11:25:00'),(7,26,'pending','2024-03-02 06:10:00'),(7,27,'accepted','2024-03-12 08:45:00'),(8,2,'accepted','2024-02-02 10:40:00'),(8,28,'accepted','2024-01-28 05:15:00'),(8,29,'blocked','2024-02-22 09:30:00'),(8,30,'accepted','2024-03-07 04:55:00'),(9,2,'pending','2024-02-20 04:55:00'),(9,31,'accepted','2024-01-17 07:50:00'),(9,32,'accepted','2024-02-08 10:35:00'),(9,33,'accepted','2024-03-01 03:20:00'),(10,2,'accepted','2024-03-05 09:15:00'),(10,34,'accepted','2024-01-14 06:25:00'),(10,35,'pending','2024-02-16 08:40:00'),(10,36,'accepted','2024-02-28 05:05:00'),(10,37,'accepted','2024-03-10 10:50:00'),(11,3,'accepted','2024-01-25 06:30:00'),(11,38,'accepted','2024-02-07 09:20:00'),(11,39,'accepted','2024-02-25 04:45:00'),(11,40,'pending','2024-03-09 07:30:00'),(12,3,'accepted','2024-02-10 11:45:00'),(12,41,'accepted','2024-01-19 05:55:00'),(12,42,'accepted','2024-02-14 08:25:00'),(12,43,'blocked','2024-03-04 06:40:00'),(12,44,'accepted','2024-03-15 03:15:00'),(13,3,'pending','2024-02-28 05:20:00'),(13,45,'accepted','2024-01-29 10:30:00'),(13,46,'accepted','2024-02-23 07:45:00'),(14,4,'accepted','2024-01-15 08:50:00'),(14,47,'accepted','2024-01-31 04:20:00'),(14,48,'accepted','2024-02-17 09:35:00'),(14,49,'pending','2024-03-06 05:50:00'),(14,50,'accepted','2024-03-14 11:25:00'),(15,4,'accepted','2024-02-12 03:35:00'),(15,16,'blocked','2024-02-05 06:20:00'),(15,18,'accepted','2024-01-27 08:45:00'),(15,20,'accepted','2024-03-03 04:30:00'),(16,4,'blocked','2024-03-10 07:25:00'),(16,15,'blocked','2024-02-05 06:20:00'),(16,22,'accepted','2024-01-24 09:50:00'),(16,25,'pending','2024-02-28 05:15:00'),(17,5,'accepted','2024-01-20 05:45:00'),(17,51,'accepted','2024-02-03 10:40:00'),(17,52,'accepted','2024-02-19 07:25:00'),(17,53,'pending','2024-03-08 04:50:00'),(17,54,'accepted','2024-03-12 09:35:00'),(18,5,'accepted','2024-02-05 09:30:00'),(18,15,'accepted','2024-01-27 08:45:00'),(18,55,'accepted','2024-02-21 06:10:00'),(18,56,'pending','2024-03-07 11:20:00'),(19,5,'accepted','2024-02-25 04:15:00'),(19,57,'accepted','2024-01-23 09:05:00'),(19,58,'accepted','2024-03-01 05:40:00'),(20,5,'pending','2024-03-08 06:50:00'),(20,15,'accepted','2024-03-03 04:30:00'),(20,59,'accepted','2024-02-11 08:25:00'),(20,60,'accepted','2024-02-27 03:50:00'),(21,6,'accepted','2024-01-22 10:20:00'),(21,61,'accepted','2024-02-01 05:35:00'),(21,62,'pending','2024-02-18 09:20:00'),(21,63,'accepted','2024-03-05 04:45:00'),(22,6,'accepted','2024-02-18 07:40:00'),(22,16,'accepted','2024-01-24 09:50:00'),(22,64,'accepted','2024-01-30 06:15:00'),(22,65,'blocked','2024-02-25 08:40:00'),(22,66,'accepted','2024-03-10 03:55:00'),(23,6,'accepted','2024-03-05 09:55:00'),(23,67,'accepted','2024-01-28 07:30:00'),(23,68,'pending','2024-02-22 04:45:00'),(24,7,'accepted','2024-01-30 04:40:00'),(24,69,'accepted','2024-02-12 10:25:00'),(24,70,'accepted','2024-02-28 06:50:00'),(24,71,'pending','2024-03-15 08:15:00'),(25,7,'accepted','2024-02-14 11:25:00'),(25,16,'pending','2024-02-28 05:15:00'),(25,72,'accepted','2024-01-26 09:40:00'),(25,73,'accepted','2024-02-19 04:55:00'),(25,74,'blocked','2024-03-08 07:30:00'),(26,7,'pending','2024-03-02 06:10:00'),(26,17,'accepted','2024-02-03 10:40:00'),(26,75,'accepted','2024-01-31 08:25:00'),(26,76,'accepted','2024-02-24 05:50:00'),(27,7,'accepted','2024-03-12 08:45:00'),(27,17,'accepted','2024-02-19 07:25:00'),(27,77,'pending','2024-03-05 10:20:00'),(28,8,'accepted','2024-01-28 05:15:00'),(28,17,'pending','2024-03-08 04:50:00'),(28,78,'accepted','2024-02-07 07:45:00'),(28,79,'accepted','2024-02-26 04:10:00'),(29,8,'blocked','2024-02-22 09:30:00'),(29,17,'accepted','2024-03-12 09:35:00'),(29,80,'pending','2024-02-14 06:25:00'),(30,8,'accepted','2024-03-07 04:55:00'),(30,18,'accepted','2024-02-21 06:10:00'),(30,81,'accepted','2024-01-29 11:40:00'),(30,82,'pending','2024-03-03 08:55:00');
/*!40000 ALTER TABLE `friends` ENABLE KEYS */;
UNLOCK TABLES;

--
-- Table structure for table `guild_members`
--

DROP TABLE IF EXISTS `guild_members`;
/*!40101 SET @saved_cs_client     = @@character_set_client */;
/*!50503 SET character_set_client = utf8mb4 */;
CREATE TABLE `guild_members` (
  `guild_id` int NOT NULL,
  `character_id` int NOT NULL,
  `guild_rank` varchar(20) DEFAULT 'member',
  `join_date` timestamp NULL DEFAULT CURRENT_TIMESTAMP,
  PRIMARY KEY (`guild_id`,`character_id`),
  KEY `character_id` (`character_id`),
  CONSTRAINT `guild_members_ibfk_1` FOREIGN KEY (`guild_id`) REFERENCES `guilds` (`guild_id`),
  CONSTRAINT `guild_members_ibfk_2` FOREIGN KEY (`character_id`) REFERENCES `characters` (`character_id`)
) ENGINE=InnoDB DEFAULT CHARSET=utf8mb4 COLLATE=utf8mb4_0900_ai_ci;
/*!40101 SET character_set_client = @saved_cs_client */;

--
-- Dumping data for table `guild_members`
--

LOCK TABLES `guild_members` WRITE;
/*!40000 ALTER TABLE `guild_members` DISABLE KEYS */;
INSERT INTO `guild_members` VALUES (1,1,'member','2024-01-22 06:20:00'),(1,2,'officer','2024-01-24 09:35:00'),(1,3,'member','2024-01-26 04:50:00'),(1,4,'member','2024-01-28 11:15:00'),(1,5,'member','2024-01-30 07:40:00'),(1,6,'officer','2024-02-02 03:25:00'),(1,7,'member','2024-02-05 10:50:00'),(1,11,'leader','2024-01-15 05:30:00'),(2,8,'member','2024-02-08 06:15:00'),(2,9,'member','2024-02-11 08:30:00'),(2,10,'officer','2024-02-14 05:45:00'),(2,12,'officer','2024-01-16 09:20:00'),(2,13,'member','2024-01-18 04:15:00'),(2,23,'leader','2024-02-20 09:45:00'),(3,14,'member','2024-01-20 11:45:00'),(3,15,'member','2024-01-22 06:30:00'),(3,16,'member','2024-01-25 08:10:00'),(3,17,'officer','2024-01-28 03:40:00'),(3,18,'member','2024-02-01 10:25:00'),(3,32,'leader','2024-01-05 04:15:00'),(4,19,'member','2024-02-05 05:50:00'),(4,20,'member','2024-02-10 07:35:00'),(4,21,'member','2024-02-15 09:20:00'),(4,22,'member','2024-02-20 04:45:00'),(4,24,'officer','2024-03-01 06:15:00'),(4,45,'leader','2024-03-10 11:20:00'),(5,25,'member','2024-03-05 08:50:00'),(5,26,'officer','2024-02-22 05:30:00'),(5,27,'member','2024-02-25 10:20:00'),(5,28,'member','2024-02-28 07:45:00'),(5,56,'leader','2024-02-28 06:10:00'),(6,29,'member','2024-03-02 04:10:00'),(6,30,'officer','2024-03-05 09:35:00'),(6,31,'member','2024-03-08 06:50:00'),(6,33,'officer','2024-01-08 09:40:00'),(6,34,'member','2024-01-12 06:25:00'),(6,67,'leader','2024-01-25 08:50:00'),(7,35,'officer','2024-01-16 03:50:00'),(7,36,'member','2024-01-20 10:15:00'),(7,37,'member','2024-01-25 07:30:00'),(7,38,'member','2024-01-30 05:45:00'),(7,78,'leader','2024-03-05 03:30:00'),(8,39,'member','2024-02-04 08:20:00'),(8,40,'member','2024-02-10 11:55:00'),(8,41,'member','2024-02-15 04:40:00'),(8,42,'member','2024-03-25 05:40:00'),(8,89,'leader','2024-02-15 14:25:00'),(9,43,'leader','2024-02-28 06:10:00'),(9,44,'officer','2024-03-02 09:35:00'),(9,46,'officer','2024-03-12 06:45:00'),(9,47,'member','2024-03-15 09:30:00'),(9,48,'member','2024-03-18 04:15:00'),(10,37,'leader','2024-03-18 07:05:00'),(10,50,'officer','2024-01-28 05:25:00'),(10,51,'member','2024-01-31 10:40:00'),(10,52,'officer','2024-02-03 07:05:00'),(11,28,'leader','2024-02-05 12:55:00'),(11,53,'member','2024-02-07 03:50:00'),(11,54,'member','2024-02-12 09:35:00'),(11,55,'member','2024-02-17 06:20:00'),(11,57,'officer','2024-03-02 09:35:00'),(12,58,'leader','2024-03-05 03:30:00'),(12,59,'officer','2024-03-07 06:45:00'),(12,60,'member','2024-03-10 09:20:00'),(12,61,'officer','2024-03-13 04:35:00'),(13,62,'member','2024-03-16 07:50:00'),(13,63,'member','2024-03-19 10:25:00'),(13,65,'member','2024-03-25 08:15:00'),(13,68,'officer','2024-01-28 05:25:00'),(13,81,'leader','2024-01-30 09:20:00'),(14,69,'member','2024-01-31 10:40:00'),(14,70,'officer','2024-02-03 07:05:00'),(14,71,'member','2024-02-07 03:50:00'),(14,72,'member','2024-02-12 09:35:00'),(14,95,'leader','2024-02-25 04:45:00'),(15,73,'member','2024-02-17 06:20:00'),(15,74,'member','2024-02-22 11:55:00'),(15,75,'member','2024-02-27 04:30:00'),(15,76,'member','2024-01-22 06:20:00'),(15,97,'leader','2023-12-31 19:01:00');
/*!40000 ALTER TABLE `guild_members` ENABLE KEYS */;
UNLOCK TABLES;

--
-- Table structure for table `guilds`
--

DROP TABLE IF EXISTS `guilds`;
/*!40101 SET @saved_cs_client     = @@character_set_client */;
/*!50503 SET character_set_client = utf8mb4 */;
CREATE TABLE `guilds` (
  `guild_id` int NOT NULL AUTO_INCREMENT,
  `name` varchar(50) NOT NULL,
  `tag` varchar(4) NOT NULL,
  `leader_id` int NOT NULL,
  `created_at` timestamp NULL DEFAULT CURRENT_TIMESTAMP,
  `level` int DEFAULT '1',
  `experience` bigint DEFAULT '0',
  PRIMARY KEY (`guild_id`),
  UNIQUE KEY `name` (`name`),
  UNIQUE KEY `tag` (`tag`),
  UNIQUE KEY `idx_guilds_name` (`name`),
  UNIQUE KEY `idx_guilds_tag` (`tag`),
  KEY `leader_id` (`leader_id`),
  CONSTRAINT `guilds_ibfk_1` FOREIGN KEY (`leader_id`) REFERENCES `characters` (`character_id`)
) ENGINE=InnoDB AUTO_INCREMENT=16 DEFAULT CHARSET=utf8mb4 COLLATE=utf8mb4_0900_ai_ci;
/*!40101 SET character_set_client = @saved_cs_client */;

--
-- Dumping data for table `guilds`
--

LOCK TABLES `guilds` WRITE;
/*!40000 ALTER TABLE `guilds` DISABLE KEYS */;
INSERT INTO `guilds` VALUES (1,'Dragons of Destiny','DOD',11,'2024-01-15 05:30:00',15,1250000),(2,'Shadow Hunters','SHD',23,'2024-02-20 09:45:00',12,850000),(3,'Arcane Brotherhood','ARC',32,'2024-01-05 04:15:00',18,2100000),(4,'Iron Vanguard','IRN',45,'2024-03-10 11:20:00',14,1100000),(5,'Crimson Blades','CRB',56,'2024-02-28 06:10:00',10,650000),(6,'Emerald Enclave','EMD',67,'2024-01-25 08:50:00',16,1750000),(7,'Phoenix Rising','PHX',78,'2024-03-05 03:30:00',13,950000),(8,'Silver Sentinels','SIL',89,'2024-02-15 14:25:00',11,720000),(9,'Stormbringers','STR',92,'2024-01-10 10:40:00',17,1950000),(10,'Night Watch','NWT',37,'2024-03-18 07:05:00',9,520000),(11,'Golden Lions','GLD',28,'2024-02-05 12:55:00',14,1150000),(12,'Frost Wolves','FRW',64,'2024-03-22 05:15:00',12,880000),(13,'Solar Flare','SOL',81,'2024-01-30 09:20:00',15,1350000),(14,'Obsidian Guard','OBS',95,'2024-02-25 04:45:00',13,980000),(15,'Celestial Order','CEL',97,'2023-12-31 19:01:00',19,2400000);
/*!40000 ALTER TABLE `guilds` ENABLE KEYS */;
UNLOCK TABLES;

--
-- Table structure for table `inventory`
--

DROP TABLE IF EXISTS `inventory`;
/*!40101 SET @saved_cs_client     = @@character_set_client */;
/*!50503 SET character_set_client = utf8mb4 */;
CREATE TABLE `inventory` (
  `inventory_id` int NOT NULL AUTO_INCREMENT,
  `character_id` int NOT NULL,
  `item_id` int NOT NULL,
  `quantity` int DEFAULT '1',
  `slot` varchar(20) DEFAULT 'bag',
  `is_equipped` tinyint(1) DEFAULT '0',
  `durability` int DEFAULT '100',
  PRIMARY KEY (`inventory_id`),
  KEY `item_id` (`item_id`),
  KEY `idx_inventory_character` (`character_id`),
  CONSTRAINT `inventory_ibfk_1` FOREIGN KEY (`character_id`) REFERENCES `characters` (`character_id`),
  CONSTRAINT `inventory_ibfk_2` FOREIGN KEY (`item_id`) REFERENCES `items` (`item_id`)
) ENGINE=InnoDB AUTO_INCREMENT=404 DEFAULT CHARSET=utf8mb4 COLLATE=utf8mb4_0900_ai_ci;
/*!40101 SET character_set_client = @saved_cs_client */;

--
-- Dumping data for table `inventory`
--

LOCK TABLES `inventory` WRITE;
/*!40000 ALTER TABLE `inventory` DISABLE KEYS */;
INSERT INTO `inventory` VALUES (1,1,1,1,'weapon',1,95),(2,1,21,1,'chest',1,90),(3,1,22,1,'legs',1,92),(4,1,41,5,'bag',0,100),(5,1,45,3,'bag',0,100),(6,2,3,1,'weapon',1,96),(7,2,29,1,'chest',1,88),(8,2,45,8,'bag',0,100),(9,2,41,2,'bag',0,100),(10,2,61,1,'bag',0,100),(11,3,4,1,'weapon',1,97),(12,3,30,1,'chest',1,91),(13,3,41,4,'bag',0,100),(14,3,49,10,'bag',0,100),(15,3,62,1,'bag',0,100),(16,4,1,1,'weapon',1,93),(17,4,21,1,'chest',1,87),(18,4,41,6,'bag',0,100),(19,4,51,15,'bag',0,100),(20,5,20,1,'weapon',1,94),(21,5,21,1,'chest',1,86),(22,5,41,3,'bag',0,100),(23,5,43,1,'bag',0,100),(24,6,3,1,'weapon',1,98),(25,6,29,1,'chest',1,92),(26,6,45,10,'bag',0,100),(27,6,41,1,'bag',0,100),(28,7,4,1,'weapon',1,96),(29,7,30,1,'chest',1,89),(30,7,41,5,'bag',0,100),(31,7,49,8,'bag',0,100),(32,8,1,1,'weapon',1,92),(33,8,21,1,'chest',1,85),(34,8,41,4,'bag',0,100),(35,8,51,12,'bag',0,100),(36,9,3,1,'weapon',1,95),(37,9,29,1,'chest',1,90),(38,9,45,7,'bag',0,100),(39,9,62,1,'bag',0,100),(40,10,4,1,'weapon',1,97),(41,10,30,1,'chest',1,88),(42,10,41,3,'bag',0,100),(43,10,49,6,'bag',0,100),(44,11,5,1,'weapon',1,99),(45,11,25,1,'chest',1,93),(46,11,39,1,'offhand',1,95),(47,11,42,3,'bag',0,100),(48,11,46,2,'bag',0,100),(49,12,9,1,'weapon',1,96),(50,12,29,1,'chest',1,91),(51,12,46,6,'bag',0,100),(52,12,42,1,'bag',0,100),(53,12,67,2,'bag',0,100),(54,13,7,1,'weapon',1,97),(55,13,30,1,'chest',1,92),(56,13,42,4,'bag',0,100),(57,13,63,5,'bag',0,100),(58,14,5,1,'weapon',1,94),(59,14,25,1,'chest',1,89),(60,14,39,1,'offhand',1,92),(61,14,42,2,'bag',0,100),(62,14,51,20,'bag',0,100),(63,15,9,1,'weapon',1,95),(64,15,29,1,'chest',1,90),(65,15,46,5,'bag',0,100),(66,15,62,1,'bag',0,100),(67,15,67,3,'bag',0,100),(68,16,7,1,'weapon',1,96),(69,16,30,1,'chest',1,91),(70,16,42,3,'bag',0,100),(71,16,49,15,'bag',0,100),(72,17,20,1,'weapon',1,93),(73,17,21,1,'chest',1,87),(74,17,41,5,'bag',0,100),(75,17,51,18,'bag',0,100),(76,18,15,1,'weapon',1,98),(77,18,31,1,'chest',1,94),(78,18,47,4,'bag',0,100),(79,18,43,1,'bag',0,100),(80,18,63,8,'bag',0,100),(81,19,16,1,'weapon',1,97),(82,19,32,1,'chest',1,93),(83,19,43,2,'bag',0,100),(84,19,63,6,'bag',0,100),(85,19,72,1,'bag',0,100),(86,20,13,1,'weapon',1,99),(87,20,26,1,'chest',1,96),(88,20,40,1,'offhand',1,97),(89,20,43,3,'bag',0,100),(90,20,47,1,'bag',0,100),(91,21,9,1,'weapon',1,92),(92,21,29,1,'chest',1,88),(93,21,46,4,'bag',0,100),(94,21,42,2,'bag',0,100),(95,21,61,1,'bag',0,100),(96,22,3,1,'weapon',1,94),(97,22,29,1,'chest',1,89),(98,22,45,6,'bag',0,100),(99,22,62,1,'bag',0,100),(100,23,5,1,'weapon',1,95),(101,23,24,1,'head',1,90),(102,23,42,3,'bag',0,100),(103,23,51,25,'bag',0,100),(104,24,10,1,'weapon',1,96),(105,24,30,1,'chest',1,91),(106,24,43,1,'bag',0,100),(107,24,63,7,'bag',0,100),(108,25,15,1,'weapon',1,97),(109,25,31,1,'chest',1,93),(110,25,47,3,'bag',0,100),(111,25,67,4,'bag',0,100),(112,26,8,1,'weapon',1,96),(113,26,26,1,'chest',1,92),(114,26,40,1,'offhand',1,94),(115,26,43,2,'bag',0,100),(116,26,63,10,'bag',0,100),(117,27,10,1,'weapon',1,95),(118,27,32,1,'chest',1,90),(119,27,42,4,'bag',0,100),(120,27,49,20,'bag',0,100),(121,28,9,1,'weapon',1,93),(122,28,29,1,'chest',1,87),(123,28,46,5,'bag',0,100),(124,28,67,2,'bag',0,100),(125,29,17,1,'weapon',1,98),(126,29,34,1,'chest',1,96),(127,29,40,1,'offhand',1,97),(128,29,44,2,'bag',0,100),(129,29,48,1,'bag',0,100),(130,30,18,1,'weapon',1,97),(131,30,33,1,'chest',1,94),(132,30,44,1,'bag',0,100),(133,30,63,12,'bag',0,100),(134,30,75,1,'bag',0,100),(135,31,5,1,'weapon',1,94),(136,31,24,1,'head',1,89),(137,31,42,3,'bag',0,100),(138,31,51,30,'bag',0,100),(139,32,7,1,'weapon',1,96),(140,32,30,1,'chest',1,91),(141,32,42,2,'bag',0,100),(142,32,49,25,'bag',0,100),(143,33,9,1,'weapon',1,95),(144,33,29,1,'chest',1,90),(145,33,46,4,'bag',0,100),(146,33,67,3,'bag',0,100),(147,34,8,1,'weapon',1,97),(148,34,26,1,'chest',1,93),(149,34,43,2,'bag',0,100),(150,34,63,8,'bag',0,100),(151,35,10,1,'weapon',1,96),(152,35,32,1,'chest',1,92),(153,35,43,1,'bag',0,100),(154,35,63,6,'bag',0,100),(155,36,3,1,'weapon',1,94),(156,36,29,1,'chest',1,88),(157,36,45,7,'bag',0,100),(158,36,62,1,'bag',0,100),(159,37,5,1,'weapon',1,95),(160,37,25,1,'chest',1,91),(161,37,42,4,'bag',0,100),(162,37,51,22,'bag',0,100),(163,38,7,1,'weapon',1,96),(164,38,30,1,'chest',1,92),(165,38,42,3,'bag',0,100),(166,38,49,18,'bag',0,100),(167,39,9,1,'weapon',1,97),(168,39,29,1,'chest',1,93),(169,39,46,5,'bag',0,100),(170,39,67,2,'bag',0,100),(171,40,13,1,'weapon',1,98),(172,40,26,1,'chest',1,95),(173,40,43,3,'bag',0,100),(174,40,63,15,'bag',0,100),(175,41,10,1,'weapon',1,96),(176,41,32,1,'chest',1,93),(177,41,43,2,'bag',0,100),(178,41,63,9,'bag',0,100),(179,42,3,1,'weapon',1,95),(180,42,29,1,'chest',1,89),(181,42,45,6,'bag',0,100),(182,42,61,1,'bag',0,100),(183,43,8,1,'weapon',1,97),(184,43,25,1,'chest',1,94),(185,43,43,2,'bag',0,100),(186,43,63,11,'bag',0,100),(187,44,10,1,'weapon',1,96),(188,44,32,1,'chest',1,92),(189,44,43,1,'bag',0,100),(190,44,63,7,'bag',0,100),(191,45,9,1,'weapon',1,95),(192,45,29,1,'chest',1,90),(193,45,46,4,'bag',0,100),(194,45,67,3,'bag',0,100),(195,46,5,1,'weapon',1,96),(196,46,24,1,'head',1,91),(197,46,42,5,'bag',0,100),(198,46,51,28,'bag',0,100),(199,47,7,1,'weapon',1,95),(200,47,30,1,'chest',1,91),(201,47,42,4,'bag',0,100),(202,47,49,23,'bag',0,100),(203,48,15,1,'weapon',1,97),(204,48,31,1,'chest',1,94),(205,48,47,2,'bag',0,100),(206,48,67,5,'bag',0,100),(207,49,13,1,'weapon',1,98),(208,49,34,1,'chest',1,96),(209,49,44,1,'bag',0,100),(210,49,63,20,'bag',0,100),(211,50,16,1,'weapon',1,97),(212,50,33,1,'chest',1,95),(213,50,44,2,'bag',0,100),(214,50,63,14,'bag',0,100),(215,51,9,1,'weapon',1,94),(216,51,29,1,'chest',1,89),(217,51,46,6,'bag',0,100),(218,51,67,2,'bag',0,100),(219,51,72,1,'bag',0,100),(220,52,5,1,'weapon',1,93),(221,52,21,1,'chest',1,87),(222,52,41,5,'bag',0,100),(223,52,51,16,'bag',0,100),(224,53,7,1,'weapon',1,96),(225,53,30,1,'chest',1,91),(226,53,42,3,'bag',0,100),(227,53,49,19,'bag',0,100),(228,54,3,1,'weapon',1,95),(229,54,29,1,'chest',1,90),(230,54,45,8,'bag',0,100),(231,54,62,1,'bag',0,100),(232,55,8,1,'weapon',1,96),(233,55,26,1,'chest',1,92),(234,55,43,1,'bag',0,100),(235,55,63,9,'bag',0,100),(236,56,10,1,'weapon',1,95),(237,56,32,1,'chest',1,91),(238,56,43,2,'bag',0,100),(239,56,63,7,'bag',0,100),(240,57,15,1,'weapon',1,97),(241,57,31,1,'chest',1,94),(242,57,47,3,'bag',0,100),(243,57,67,4,'bag',0,100),(244,58,13,1,'weapon',1,98),(245,58,34,1,'chest',1,96),(246,58,44,1,'bag',0,100),(247,58,63,18,'bag',0,100),(248,59,16,1,'weapon',1,97),(249,59,33,1,'chest',1,95),(250,59,44,2,'bag',0,100),(251,59,63,13,'bag',0,100),(252,60,9,1,'weapon',1,94),(253,60,29,1,'chest',1,89),(254,60,46,5,'bag',0,100),(255,60,67,3,'bag',0,100),(256,61,5,1,'weapon',1,95),(257,61,25,1,'chest',1,92),(258,61,42,4,'bag',0,100),(259,61,51,24,'bag',0,100),(260,62,10,1,'weapon',1,96),(261,62,32,1,'chest',1,93),(262,62,43,1,'bag',0,100),(263,62,63,8,'bag',0,100),(264,63,3,1,'weapon',1,95),(265,63,29,1,'chest',1,90),(266,63,45,7,'bag',0,100),(267,63,61,1,'bag',0,100),(268,64,8,1,'weapon',1,97),(269,64,26,1,'chest',1,94),(270,64,43,2,'bag',0,100),(271,64,63,12,'bag',0,100),(272,65,10,1,'weapon',1,96),(273,65,32,1,'chest',1,92),(274,65,43,2,'bag',0,100),(275,65,63,9,'bag',0,100),(276,66,15,1,'weapon',1,97),(277,66,31,1,'chest',1,94),(278,66,47,3,'bag',0,100),(279,66,67,5,'bag',0,100),(280,67,13,1,'weapon',1,98),(281,67,34,1,'chest',1,96),(282,67,44,1,'bag',0,100),(283,67,63,17,'bag',0,100),(284,68,16,1,'weapon',1,97),(285,68,33,1,'chest',1,95),(286,68,44,2,'bag',0,100),(287,68,63,14,'bag',0,100),(288,69,9,1,'weapon',1,95),(289,69,29,1,'chest',1,91),(290,69,46,6,'bag',0,100),(291,69,67,3,'bag',0,100),(292,70,5,1,'weapon',1,96),(293,70,25,1,'chest',1,93),(294,70,42,5,'bag',0,100),(295,70,51,26,'bag',0,100),(296,71,7,1,'weapon',1,96),(297,71,30,1,'chest',1,92),(298,71,42,4,'bag',0,100),(299,71,49,21,'bag',0,100),(300,72,15,1,'weapon',1,98),(301,72,31,1,'chest',1,95),(302,72,47,4,'bag',0,100),(303,72,67,6,'bag',0,100),(304,73,17,1,'weapon',1,99),(305,73,35,1,'chest',1,97),(306,73,55,3,'bag',0,100),(307,73,63,25,'bag',0,100),(308,74,18,1,'weapon',1,98),(309,74,33,1,'chest',1,96),(310,74,44,3,'bag',0,100),(311,74,63,16,'bag',0,100),(312,75,9,1,'weapon',1,96),(313,75,29,1,'chest',1,92),(314,75,46,7,'bag',0,100),(315,75,67,4,'bag',0,100),(316,76,8,1,'weapon',1,97),(317,76,26,1,'chest',1,94),(318,76,43,3,'bag',0,100),(319,76,63,11,'bag',0,100),(320,77,10,1,'weapon',1,96),(321,77,32,1,'chest',1,93),(322,77,43,2,'bag',0,100),(323,77,63,9,'bag',0,100),(324,78,3,1,'weapon',1,95),(325,78,29,1,'chest',1,91),(326,78,45,9,'bag',0,100),(327,78,62,1,'bag',0,100),(328,79,5,1,'weapon',1,96),(329,79,25,1,'chest',1,93),(330,79,42,4,'bag',0,100),(331,79,51,29,'bag',0,100),(332,80,7,1,'weapon',1,97),(333,80,30,1,'chest',1,94),(334,80,42,3,'bag',0,100),(335,80,49,24,'bag',0,100),(336,81,7,1,'weapon',1,94),(337,81,30,1,'chest',1,91),(338,81,42,4,'bag',0,100),(339,81,49,22,'bag',0,100),(340,82,15,1,'weapon',1,95),(341,82,32,1,'chest',1,92),(342,82,43,6,'bag',0,100),(343,82,46,15,'bag',0,100),(344,83,4,1,'weapon',1,88),(345,83,28,1,'chest',1,86),(346,83,42,6,'bag',0,100),(347,83,47,20,'bag',0,100),(348,84,8,1,'weapon',1,96),(349,84,30,1,'chest',1,93),(350,84,42,3,'bag',0,100),(351,84,49,25,'bag',0,100),(352,85,16,1,'weapon',1,97),(353,85,32,1,'chest',1,94),(354,85,43,7,'bag',0,100),(355,85,46,18,'bag',0,100),(356,86,3,1,'weapon',1,85),(357,86,28,1,'chest',1,82),(358,86,42,4,'bag',0,100),(359,86,47,15,'bag',0,100),(360,87,9,1,'weapon',1,93),(361,87,30,1,'chest',1,90),(362,87,42,5,'bag',0,100),(363,87,49,20,'bag',0,100),(364,88,17,1,'weapon',1,94),(365,88,32,1,'chest',1,91),(366,88,43,5,'bag',0,100),(367,88,46,16,'bag',0,100),(368,89,5,1,'weapon',1,87),(369,89,28,1,'chest',1,84),(370,89,42,7,'bag',0,100),(371,89,47,22,'bag',0,100),(372,90,7,1,'weapon',1,95),(373,90,30,1,'chest',1,92),(374,90,42,4,'bag',0,100),(375,90,49,23,'bag',0,100),(376,91,15,1,'weapon',1,92),(377,91,32,1,'chest',1,89),(378,91,43,6,'bag',0,100),(379,91,46,14,'bag',0,100),(380,92,10,1,'weapon',1,90),(381,92,28,1,'chest',1,87),(382,92,42,5,'bag',0,100),(383,92,47,24,'bag',0,100),(384,93,8,1,'weapon',1,94),(385,93,30,1,'chest',1,91),(386,93,42,3,'bag',0,100),(387,93,49,21,'bag',0,100),(388,94,18,1,'weapon',1,98),(389,94,32,1,'chest',1,95),(390,94,43,8,'bag',0,100),(391,94,46,20,'bag',0,100),(392,95,2,1,'weapon',1,86),(393,95,28,1,'chest',1,83),(394,95,42,4,'bag',0,100),(395,95,47,16,'bag',0,100),(396,96,9,1,'weapon',1,97),(397,96,30,1,'chest',1,94),(398,96,42,5,'bag',0,100),(399,96,49,26,'bag',0,100),(400,97,16,1,'weapon',1,93),(401,97,32,1,'chest',1,90),(402,97,43,5,'bag',0,100),(403,97,46,17,'bag',0,100);
/*!40000 ALTER TABLE `inventory` ENABLE KEYS */;
UNLOCK TABLES;

--
-- Table structure for table `items`
--

DROP TABLE IF EXISTS `items`;
/*!40101 SET @saved_cs_client     = @@character_set_client */;
/*!50503 SET character_set_client = utf8mb4 */;
CREATE TABLE `items` (
  `item_id` int NOT NULL AUTO_INCREMENT,
  `name` varchar(100) NOT NULL,
  `type` varchar(20) NOT NULL,
  `rarity` varchar(15) DEFAULT 'common',
  `min_level` int DEFAULT '1',
  `strength_bonus` int DEFAULT '0',
  `agility_bonus` int DEFAULT '0',
  `intelligence_bonus` int DEFAULT '0',
  `health_bonus` int DEFAULT '0',
  `mana_bonus` int DEFAULT '0',
  `price` int DEFAULT '0',
  `can_sell` tinyint(1) DEFAULT '1',
  `image_url` varchar(255) DEFAULT NULL,
  PRIMARY KEY (`item_id`)
) ENGINE=InnoDB AUTO_INCREMENT=81 DEFAULT CHARSET=utf8mb4 COLLATE=utf8mb4_0900_ai_ci;
/*!40101 SET character_set_client = @saved_cs_client */;

--
-- Dumping data for table `items`
--

LOCK TABLES `items` WRITE;
/*!40000 ALTER TABLE `items` DISABLE KEYS */;
INSERT INTO `items` VALUES (1,'Rusty Sword','weapon','common',1,5,2,0,0,0,50,1,'/images/sword_rusty.png'),(2,'Iron Dagger','weapon','common',3,3,8,0,0,0,75,1,'/images/dagger_iron.png'),(3,'Wooden Staff','weapon','common',1,2,1,8,0,10,60,1,'/images/staff_wooden.png'),(4,'Short Bow','weapon','common',5,4,10,0,0,0,90,1,'/images/bow_short.png'),(5,'Steel Longsword','weapon','common',10,12,4,0,0,0,200,1,'/images/sword_steel.png'),(6,'Oak Quarterstaff','weapon','common',8,3,2,12,0,15,150,1,'/images/staff_oak.png'),(7,'Recurve Bow','weapon','common',12,6,15,0,0,0,250,1,'/images/bow_recurve.png'),(8,'Battle Axe','weapon','uncommon',15,18,3,0,0,0,350,1,'/images/axe_battle.png'),(9,'Mage Wand','weapon','uncommon',10,1,2,15,0,20,300,1,'/images/wand_mage.png'),(10,'Composite Bow','weapon','uncommon',18,8,18,0,0,0,400,1,'/images/bow_composite.png'),(11,'Warhammer','weapon','rare',25,25,2,0,10,0,600,1,'/images/warhammer.png'),(12,'Crystal Staff','weapon','rare',22,3,3,25,0,30,650,1,'/images/staff_crystal.png'),(13,'Longbow','weapon','rare',20,10,22,0,0,0,550,1,'/images/bow_long.png'),(14,'Dragon Slayer','weapon','epic',35,35,10,5,20,10,1200,1,'/images/sword_dragon.png'),(15,'Staff of Wisdom','weapon','epic',30,5,8,40,0,50,1300,1,'/images/staff_wisdom.png'),(16,'Elven Bow','weapon','epic',28,12,28,3,0,0,1100,1,'/images/bow_elven.png'),(17,'Excalibur','weapon','legendary',50,50,20,15,30,20,3000,1,'/images/sword_excalibur.png'),(18,'Archmage Staff','weapon','legendary',45,8,12,60,0,80,3200,1,'/images/staff_archmage.png'),(19,'Phoenix Bow','weapon','legendary',42,20,35,10,15,15,2800,1,'/images/bow_phoenix.png'),(20,'Beginner Sword','weapon','common',1,3,1,0,0,0,30,1,'/images/sword_beginner.png'),(21,'Leather Helmet','armor','common',2,1,3,0,10,0,40,1,'/images/helmet_leather.png'),(22,'Leather Chest','armor','common',3,2,5,0,20,0,80,1,'/images/chest_leather.png'),(23,'Leather Pants','armor','common',3,1,4,0,15,0,60,1,'/images/pants_leather.png'),(24,'Leather Boots','armor','common',2,1,2,0,8,0,30,1,'/images/boots_leather.png'),(25,'Iron Helmet','armor','common',8,5,1,0,25,0,120,1,'/images/helmet_iron.png'),(26,'Iron Chestplate','armor','common',10,8,2,0,40,0,200,1,'/images/chest_iron.png'),(27,'Chainmail','armor','uncommon',15,10,4,0,50,0,300,1,'/images/chainmail.png'),(28,'Steel Plate','armor','uncommon',18,12,3,0,60,0,400,1,'/images/plate_steel.png'),(29,'Mage Robe','armor','uncommon',12,0,3,10,15,25,250,1,'/images/robe_mage.png'),(30,'Ranger Cloak','armor','uncommon',14,3,12,0,20,0,280,1,'/images/cloak_ranger.png'),(31,'Dragon Scale Armor','armor','rare',30,20,8,5,80,20,800,1,'/images/armor_dragonscale.png'),(32,'Wizard Garb','armor','rare',25,2,5,25,25,50,750,1,'/images/garb_wizard.png'),(33,'Assassin Shroud','armor','rare',28,8,25,3,40,10,850,1,'/images/shroud_assassin.png'),(34,'Titan Armor','armor','epic',40,30,10,8,100,30,1500,1,'/images/armor_titan.png'),(35,'Archmage Robes','armor','epic',35,5,8,35,40,80,1400,1,'/images/robes_archmage.png'),(36,'Shadow Weaver Set','armor','epic',38,15,30,10,60,25,1600,1,'/images/armor_shadow.png'),(37,'Godplate','armor','legendary',55,40,20,15,150,50,3500,1,'/images/armor_godplate.png'),(38,'Celestial Robes','armor','legendary',50,10,15,50,80,120,3800,1,'/images/robes_celestial.png'),(39,'Iron Shield','armor','common',6,3,1,0,15,0,100,1,'/images/shield_iron.png'),(40,'Tower Shield','armor','uncommon',20,8,0,0,40,0,350,1,'/images/shield_tower.png'),(41,'Minor Healing Potion','potion','common',1,0,0,0,50,0,25,1,'/images/potion_heal_minor.png'),(42,'Healing Potion','potion','common',5,0,0,0,100,0,50,1,'/images/potion_heal.png'),(43,'Greater Healing Potion','potion','uncommon',15,0,0,0,250,0,150,1,'/images/potion_heal_greater.png'),(44,'Super Healing Potion','potion','rare',30,0,0,0,500,0,400,1,'/images/potion_heal_super.png'),(45,'Minor Mana Potion','potion','common',1,0,0,0,0,50,30,1,'/images/potion_mana_minor.png'),(46,'Mana Potion','potion','common',5,0,0,0,0,100,60,1,'/images/potion_mana.png'),(47,'Greater Mana Potion','potion','uncommon',15,0,0,0,0,250,180,1,'/images/potion_mana_greater.png'),(48,'Super Mana Potion','potion','rare',30,0,0,0,0,500,500,1,'/images/potion_mana_super.png'),(49,'Stamina Potion','potion','common',3,5,5,0,0,0,40,1,'/images/potion_stamina.png'),(50,'Strength Elixir','potion','uncommon',10,15,0,0,0,0,120,1,'/images/elixir_strength.png'),(51,'Agility Elixir','potion','uncommon',10,0,15,0,0,0,120,1,'/images/elixir_agility.png'),(52,'Intellect Elixir','potion','uncommon',10,0,0,15,0,0,120,1,'/images/elixir_intellect.png'),(53,'Health Crystal','potion','rare',20,0,0,0,200,0,300,1,'/images/crystal_health.png'),(54,'Mana Crystal','potion','rare',20,0,0,0,0,200,350,1,'/images/crystal_mana.png'),(55,'Elixir of Life','potion','epic',40,20,20,20,300,300,1500,1,'/images/elixir_life.png'),(56,'Phoenix Feather','potion','legendary',60,0,0,0,1000,1000,5000,1,'/images/feather_phoenix.png'),(57,'Antidote','potion','common',3,0,0,0,30,0,20,1,'/images/antidote.png'),(58,'Invisibility Potion','potion','rare',25,0,0,0,0,0,600,1,'/images/potion_invisibility.png'),(59,'Speed Potion','potion','uncommon',12,0,20,0,0,0,200,1,'/images/potion_speed.png'),(60,'Regeneration Potion','potion','rare',28,0,0,0,100,100,450,1,'/images/potion_regeneration.png'),(61,'Old Map','quest','common',1,0,0,0,0,0,10,0,'/images/map_old.png'),(62,'Sealed Letter','quest','common',5,0,0,0,0,0,5,0,'/images/letter_sealed.png'),(63,'Goblin Ear','quest','common',3,0,0,0,0,0,2,1,'/images/ear_goblin.png'),(64,'Wolf Pelt','quest','common',7,0,0,0,0,0,15,1,'/images/pelt_wolf.png'),(65,'Orc Tooth','quest','common',10,0,0,0,0,0,8,1,'/images/tooth_orc.png'),(66,'Dragon Scale','material','rare',30,0,0,0,0,0,200,1,'/images/scale_dragon.png'),(67,'Mithril Ore','material','epic',35,0,0,0,0,0,500,1,'/images/ore_mithril.png'),(68,'Ancient Scroll','quest','rare',25,0,0,10,0,20,0,0,'/images/scroll_ancient.png'),(69,'Crystal Shard','material','uncommon',20,0,0,5,0,10,100,1,'/images/shard_crystal.png'),(70,'Enchanted Gem','material','epic',40,0,0,0,0,0,800,1,'/images/gem_enchanted.png'),(71,'Royal Seal','quest','rare',30,0,0,0,0,0,0,0,'/images/seal_royal.png'),(72,'Lost Amulet','quest','uncommon',18,0,0,0,0,0,0,0,'/images/amulet_lost.png'),(73,'Fire Essence','material','rare',28,5,0,10,0,0,300,1,'/images/essence_fire.png'),(74,'Ice Crystal','material','rare',26,0,0,12,0,0,280,1,'/images/crystal_ice.png'),(75,'Kings Crown','quest','epic',45,10,10,10,50,50,0,0,'/images/crown_king.png'),(76,'Demon Horn','material','epic',42,15,0,0,0,0,700,1,'/images/horn_demon.png'),(77,'Phoenix Ash','material','legendary',55,0,0,25,0,50,2000,1,'/images/ash_phoenix.png'),(78,'Ancient Key','quest','uncommon',22,0,0,0,0,0,0,0,'/images/key_ancient.png'),(79,'Silver Locket','quest','common',8,0,0,0,0,0,0,0,'/images/locket_silver.png'),(80,'Mysterious Orb','quest','epic',38,0,0,20,0,40,0,0,'/images/orb_mysterious.png');
/*!40000 ALTER TABLE `items` ENABLE KEYS */;
UNLOCK TABLES;

--
-- Table structure for table `monsters`
--

DROP TABLE IF EXISTS `monsters`;
/*!40101 SET @saved_cs_client     = @@character_set_client */;
/*!50503 SET character_set_client = utf8mb4 */;
CREATE TABLE `monsters` (
  `monster_id` int NOT NULL AUTO_INCREMENT,
  `name` varchar(100) NOT NULL,
  `level` int DEFAULT '1',
  `health` int DEFAULT '50',
  `damage_min` int DEFAULT '5',
  `damage_max` int DEFAULT '10',
  `experience_reward` int DEFAULT '10',
  `gold_reward` int DEFAULT '5',
  `respawn_time` int DEFAULT '60',
  PRIMARY KEY (`monster_id`)
) ENGINE=InnoDB AUTO_INCREMENT=41 DEFAULT CHARSET=utf8mb4 COLLATE=utf8mb4_0900_ai_ci;
/*!40101 SET character_set_client = @saved_cs_client */;

--
-- Dumping data for table `monsters`
--

LOCK TABLES `monsters` WRITE;
/*!40000 ALTER TABLE `monsters` DISABLE KEYS */;
INSERT INTO `monsters` VALUES (1,'Goblin Scout',2,40,4,8,12,3,30),(2,'Wild Wolf',4,65,7,12,20,6,40),(3,'Giant Rat',1,25,2,5,8,1,20),(4,'Forest Spider',5,75,8,14,25,8,45),(5,'Skeleton Warrior',8,110,12,18,35,12,60),(6,'Zombie',7,95,10,16,30,10,50),(7,'Cave Bat',3,50,5,9,15,4,25),(8,'Swamp Slime',6,85,9,15,28,9,55),(9,'Bandit Thief',9,120,13,20,40,15,65),(10,'Harpy',12,160,18,26,55,20,80),(11,'Orc Grunt',10,140,15,22,45,16,70),(12,'Ghost',11,130,16,24,50,18,75),(13,'Troll',15,220,22,32,70,25,100),(14,'Wraith',14,180,20,30,65,22,90),(15,'Giant Scorpion',13,170,19,28,60,21,85),(16,'Mud Elemental',16,240,24,35,75,28,110),(17,'Dark Elf',17,200,25,36,80,30,115),(18,'Basilisk',20,280,30,42,95,35,130),(19,'Minotaur',18,260,27,38,85,32,120),(20,'Ogre',19,270,28,40,90,33,125),(21,'Fire Elemental',22,320,32,46,110,40,140),(22,'Ice Golem',24,350,34,48,120,42,150),(23,'Stone Golem',25,380,36,50,130,45,160),(24,'Dragon Whelp',28,450,40,56,150,55,180),(25,'Vampire',26,400,38,52,140,48,165),(26,'Lich',30,500,42,60,170,60,200),(27,'Demon Imp',21,300,30,44,105,38,135),(28,'Succubus',23,330,33,47,115,41,145),(29,'Behemoth',32,550,45,65,190,65,220),(30,'Hydra',35,650,50,72,220,75,250),(31,'Ancient Dragon',40,800,60,85,300,100,300),(32,'Giant Spider Queen',27,420,39,54,145,50,175),(33,'Shadow Stalker',29,480,41,58,160,58,190),(34,'Crystal Guardian',31,520,43,62,180,62,210),(35,'Phoenix',38,750,55,80,280,90,280),(36,'Kraken',45,1000,70,100,400,150,360),(37,'Titan',50,1200,80,110,500,200,420),(38,'Death Knight',33,580,46,68,200,70,230),(39,'Archdemon',42,900,65,92,350,120,320),(40,'Celestial Guardian',55,1500,90,125,600,250,480);
/*!40000 ALTER TABLE `monsters` ENABLE KEYS */;
UNLOCK TABLES;

--
-- Table structure for table `players`
--

DROP TABLE IF EXISTS `players`;
/*!40101 SET @saved_cs_client     = @@character_set_client */;
/*!50503 SET character_set_client = utf8mb4 */;
CREATE TABLE `players` (
  `player_id` int NOT NULL AUTO_INCREMENT,
  `username` varchar(50) NOT NULL,
  `email` varchar(100) NOT NULL,
  `password_hash` varchar(255) NOT NULL,
  `created_at` timestamp NULL DEFAULT CURRENT_TIMESTAMP,
  `last_login` timestamp NULL DEFAULT NULL,
  `is_online` tinyint(1) DEFAULT '0',
  `is_banned` tinyint(1) DEFAULT '0',
  PRIMARY KEY (`player_id`),
  UNIQUE KEY `username` (`username`),
  UNIQUE KEY `email` (`email`)
) ENGINE=InnoDB AUTO_INCREMENT=101 DEFAULT CHARSET=utf8mb4 COLLATE=utf8mb4_0900_ai_ci;
/*!40101 SET character_set_client = @saved_cs_client */;

--
-- Dumping data for table `players`
--

LOCK TABLES `players` WRITE;
/*!40000 ALTER TABLE `players` DISABLE KEYS */;
INSERT INTO `players` VALUES (1,'john_doe','john.doe@example.com','$2b$12$abc123def456ghi789jkl','2024-11-15 05:30:00','2025-05-16 09:20:00',1,0),(2,'alice_smith','alice.smith@example.com','$2b$12$mno012pqr345stu678vwx','2024-11-20 06:15:00','2025-05-16 10:45:00',1,0),(3,'bob_wilson','bob.wilson@example.com','$2b$12$yza901bcd234efg567hij','2024-11-25 04:45:00','2025-05-15 17:10:00',0,0),(4,'charlie_brown','charlie.b@example.com','$2b$12$klm789nop012qrs345tuv','2024-12-01 09:20:00','2025-05-16 05:30:00',1,0),(5,'diana_prince','diana.p@example.com','$2b$12$wxy678zab901cde234fgh','2024-12-05 11:50:00','2025-05-14 13:25:00',0,0),(6,'edward_gray','edward.g@example.com','$2b$12$ijk345lmn678opq901rst','2024-12-10 08:10:00','2025-05-16 07:15:00',1,0),(7,'fiona_green','fiona.g@example.com','$2b$12$uvw901xyz234abc567def','2024-12-15 03:45:00','2025-05-13 15:40:00',0,0),(8,'george_king','george.k@example.com','$2b$12$ghi678jkl901mno234pqr','2024-12-20 12:30:00','2025-05-16 04:20:00',1,0),(9,'hannah_white','hannah.w@example.com','$2b$12$stu234vwx567yza890bcd','2024-12-25 07:25:00','2025-05-15 11:55:00',0,0),(10,'ian_black','ian.b@example.com','$2b$12$efg567hij890klm123nop','2024-12-30 14:40:00','2025-05-16 06:10:00',1,0),(11,'julia_red','julia.r@example.com','$2b$12$qrs012tuv345wxy678zab','2025-01-05 10:15:00','2025-05-14 09:30:00',0,0),(12,'kevin_blue','kevin.b@example.com','$2b$12$cde789fgh012ijk345lmn','2025-01-10 05:50:00','2025-05-16 08:45:00',1,0),(13,'lisa_yellow','lisa.y@example.com','$2b$12$opq456rst789tuv012wxy','2025-01-15 09:35:00','2025-05-15 14:20:00',0,0),(14,'mike_purple','mike.p@example.com','$2b$12$zab123cde456fgh789ijk','2025-01-20 06:20:00','2025-05-16 03:15:00',1,0),(15,'nina_orange','nina.o@example.com','$2b$12$lmn890opq123rst456tuv','2025-01-25 04:55:00','2025-05-13 16:30:00',0,0),(16,'oscar_silver','oscar.s@example.com','$2b$12$vwx567yza890bcd123efg','2025-01-30 11:10:00','2025-05-16 05:25:00',1,0),(17,'paul_gold','paul.g@example.com','$2b$12$hij234klm567nop890qrs','2025-02-04 08:45:00','2025-05-15 12:40:00',0,0),(18,'queen_ruby','queen.r@example.com','$2b$12$tuv901wxy234zab567cde','2025-02-09 13:30:00','2025-05-16 07:55:00',1,0),(19,'rick_diamond','rick.d@example.com','$2b$12$bcd678efg901hij234klm','2025-02-14 05:05:00','2025-05-14 10:20:00',0,0),(20,'sarah_emerald','sarah.e@example.com','$2b$12$nop345pqr678stu901vwx','2025-02-19 09:50:00','2025-05-16 04:35:00',1,0),(21,'tom_steel','tom.s@example.com','$2b$12$abc890def123ghi456jkl','2025-02-24 03:20:00','2025-05-12 11:40:00',0,0),(22,'uma_bronze','uma.b@example.com','$2b$12$mno567opq890rst123tuv','2025-03-01 07:35:00','2025-05-11 09:15:00',0,0),(23,'victor_copper','victor.c@example.com','$2b$12$yza234bcd567efg890hij','2025-03-06 11:50:00','2025-05-10 06:30:00',0,0),(24,'wanda_platinum','wanda.p@example.com','$2b$12$klm901nop234qrs567tuv','2025-03-11 04:25:00','2025-05-09 14:45:00',0,0),(25,'xavier_titanium','xavier.t@example.com','$2b$12$wxy678zab901cde234fgh','2025-03-16 09:40:00','2025-05-08 17:10:00',0,0),(26,'yvonne_crystal','yvonne.c@example.com','$2b$12$ijk345lmn678opq901rst','2025-03-21 13:05:00','2025-05-07 08:25:00',0,0),(27,'zack_obsidian','zack.o@example.com','$2b$12$uvw901xyz234abc567def','2025-03-26 05:30:00','2025-05-06 12:50:00',0,0),(28,'amy_sapphire','amy.s@example.com','$2b$12$ghi678jkl901mno234pqr','2025-03-31 10:55:00','2025-05-05 15:15:00',0,0),(29,'ben_amethyst','ben.a@example.com','$2b$12$stu234vwx567yza890bcd','2025-04-05 14:20:00','2025-05-04 04:40:00',0,0),(30,'cara_topaz','cara.t@example.com','$2b$12$efg567hij890klm123nop','2025-04-10 03:45:00','2025-05-03 09:05:00',0,0),(31,'david_opal','david.o@example.com','$2b$12$qrs012tuv345wxy678zab','2025-04-15 08:10:00','2025-05-02 13:30:00',0,0),(32,'ella_jade','ella.j@example.com','$2b$12$cde789fgh012ijk345lmn','2025-04-20 12:35:00','2025-05-01 06:55:00',0,0),(33,'frank_quartz','frank.q@example.com','$2b$12$opq456rst789tuv012wxy','2025-04-25 06:00:00','2025-04-30 11:20:00',0,0),(34,'grace_pearl','grace.p@example.com','$2b$12$zab123cde456fgh789ijk','2025-04-30 10:25:00','2025-04-29 16:45:00',0,0),(35,'henry_amber','henry.a@example.com','$2b$12$lmn890opq123rst456tuv','2025-05-05 04:50:00','2025-04-28 07:10:00',0,0),(36,'irene_coral','irene.c@example.com','$2b$12$vwx567yza890bcd123efg','2025-05-10 09:15:00','2025-04-27 12:35:00',0,0),(37,'jack_ivory','jack.i@example.com','$2b$12$hij234klm567nop890qrs','2025-05-13 13:40:00','2025-04-26 17:00:00',0,0),(38,'kate_marble','kate.m@example.com','$2b$12$tuv901wxy234zab567cde','2025-05-14 05:05:00','2025-04-25 08:25:00',0,0),(39,'leo_granite','leo.g@example.com','$2b$12$bcd678efg901hij234klm','2025-05-14 08:30:00','2025-04-24 13:50:00',0,0),(40,'mia_basalt','mia.b@example.com','$2b$12$nop345pqr678stu901vwx','2025-05-14 11:55:00','2025-04-23 05:15:00',0,0),(41,'noah_pumice','noah.p@example.com','$2b$12$abc890def123ghi456jkl','2025-05-14 15:20:00','2025-04-22 10:40:00',0,1),(42,'olivia_slate','olivia.s@example.com','$2b$12$mno567opq890rst123tuv','2025-05-15 03:45:00','2025-04-21 16:05:00',0,0),(43,'peter_shale','peter.s@example.com','$2b$12$yza234bcd567efg890hij','2025-05-15 07:10:00','2025-04-20 07:30:00',0,0),(44,'quinn_sandstone','quinn.s@example.com','$2b$12$klm901nop234qrs567tuv','2025-05-15 10:35:00','2025-04-19 12:55:00',0,1),(45,'rachel_limestone','rachel.l@example.com','$2b$12$wxy678zab901cde234fgh','2025-05-15 14:00:00','2025-04-18 18:20:00',0,0),(46,'sam_chalk','sam.c@example.com','$2b$12$ijk345lmn678opq901rst','2025-05-15 17:25:00','2025-04-17 09:45:00',0,0),(47,'tina_gneiss','tina.g@example.com','$2b$12$uvw901xyz234abc567def','2025-05-15 21:50:00','2025-04-16 15:10:00',0,0),(48,'ulrich_schist','ulrich.s@example.com','$2b$12$ghi678jkl901mno234pqr','2025-05-16 01:15:00','2025-04-15 06:35:00',0,1),(49,'vicky_gabbro','vicky.g@example.com','$2b$12$stu234vwx567yza890bcd','2025-05-16 04:40:00','2025-04-14 11:00:00',0,0),(50,'walter_diorite','walter.d@example.com','$2b$12$efg567hij890klm123nop','2025-05-16 08:05:00','2025-04-13 17:25:00',0,0),(51,'rex_dawnstone','rex.d@example.com','$2b$12$qrs123tuv456wxy789zab','2025-02-26 10:35:00','2025-05-02 14:30:00',0,0),(52,'sylvia_duskstone','sylvia.d@example.com','$2b$12$cde456fgh789ijk012lmn','2025-03-03 13:10:00','2025-05-01 17:45:00',0,0),(53,'troy_shadowstone','troy.s@example.com','$2b$12$opq789rst012tuv345wxy','2025-03-08 15:45:00','2025-04-30 06:00:00',0,0),(54,'ursula_lightstone','ursula.l@example.com','$2b$12$zab234cde567fgh890ijk','2025-03-13 04:20:00','2025-04-29 09:15:00',0,0),(55,'vega_darkstone','vega.d@example.com','$2b$12$lmn567opq890rst123tuv','2025-03-18 07:55:00','2025-04-28 12:30:00',0,0),(56,'willow_brightstone','willow.b@example.com','$2b$12$vwx890yza123bcd456efg','2025-03-23 11:30:00','2025-04-27 15:45:00',0,0),(57,'xeno_clearbrook','xeno.c@example.com','$2b$12$hij123klm456nop789qrs','2025-03-28 14:05:00','2025-04-26 04:10:00',0,0),(58,'yale_ironwood','yale.i@example.com','$2b$12$tuv456wxy789zab012cde','2025-04-02 02:40:00','2025-04-25 07:25:00',0,0),(59,'zara_oakheart','zara.o@example.com','$2b$12$bcd789efg012hij345klm','2025-04-07 06:15:00','2025-04-24 10:40:00',0,0),(60,'aron_pinewhisper','aron.p@example.com','$2b$12$nop012pqr345stu678vwx','2025-04-12 09:50:00','2025-04-23 14:05:00',0,0),(61,'briar_ashfall','briar.a@example.com','$2b$12$abc345def678ghi901jkl','2025-04-17 13:25:00','2025-04-22 17:30:00',0,0),(62,'cyrus_mapleleaf','cyrus.m@example.com','$2b$12$mno678opq901rst234tuv','2025-04-22 16:00:00','2025-04-21 06:45:00',0,0),(63,'della_birchbark','della.b@example.com','$2b$12$yza901bcd234efg567hij','2025-04-27 03:35:00','2025-04-20 10:00:00',0,0),(64,'elio_cedarshade','elio.c@example.com','$2b$12$klm234nop567qrs890tuv','2025-05-02 07:10:00','2025-04-19 13:15:00',0,0),(65,'faye_willowwind','faye.w@example.com','$2b$12$wxy567zab890cde123fgh','2025-05-07 10:45:00','2025-04-18 16:30:00',0,0),(66,'gale_redwoodroot','gale.r@example.com','$2b$12$ijk890lmn123opq456rst','2025-05-11 14:20:00','2025-04-17 05:45:00',0,0),(67,'hal_ebonyvein','hal.e@example.com','$2b$12$uvw123xyz456abc789def','2025-05-12 05:55:00','2025-04-16 09:00:00',0,0),(68,'ida_teaktrail','ida.t@example.com','$2b$12$ghi456jkl789mno012pqr','2025-05-12 09:30:00','2025-04-15 12:15:00',0,0),(69,'jules_mahogany','jules.m@example.com','$2b$12$stu789vwx012yza345bcd','2025-05-12 13:05:00','2025-04-14 15:30:00',0,1),(70,'kai_rosewood','kai.r@example.com','$2b$12$efg012hij345klm678nop','2025-05-12 16:40:00','2025-04-13 18:45:00',0,0),(71,'luna_sandalwood','luna.s@example.com','$2b$12$qrs456tuv789wxy012zab','2024-11-10 04:20:00','2025-05-16 02:45:00',1,0),(72,'milo_ironbark','milo.i@example.com','$2b$12$cde789fgh012ijk345lmn','2024-11-12 09:35:00','2025-05-15 16:10:00',0,0),(73,'nora_driftwood','nora.d@example.com','$2b$12$opq012rst345tuv678wxy','2024-11-14 13:50:00','2025-05-16 06:35:00',1,0),(74,'orion_ebonwood','orion.e@example.com','$2b$12$zab345cde678fgh901ijk','2024-11-16 17:05:00','2025-05-13 11:00:00',0,0),(75,'piper_whisperwood','piper.w@example.com','$2b$12$lmn678opq901rst234tuv','2024-11-19 02:30:00','2025-05-14 14:25:00',0,0),(76,'quincy_stormwood','quincy.s@example.com','$2b$12$vwx901yza234bcd567efg','2024-11-21 06:45:00','2025-05-16 04:50:00',1,0),(77,'raven_nightwood','raven.n@example.com','$2b$12$hij234klm567nop890qrs','2024-11-23 11:00:00','2025-05-12 09:15:00',0,0),(78,'silas_dawnwood','silas.d@example.com','$2b$12$tuv567wxy890zab123cde','2024-11-25 15:15:00','2025-05-11 13:40:00',0,0),(79,'tessa_mistwood','tessa.m@example.com','$2b$12$bcd890efg123hij456klm','2024-11-27 19:30:00','2025-05-10 18:05:00',0,0),(80,'ulysses_sunwood','ulysses.s@example.com','$2b$12$nop123pqr456stu789vwx','2024-11-29 23:45:00','2025-05-09 08:30:00',0,1),(81,'vance_oakenshield','vance.o@example.com','$2b$12$abc123def456ghi789jkl','2024-11-05 03:10:00','2025-05-16 03:25:00',1,0),(82,'willa_maplebough','willa.m@example.com','$2b$12$mno456opq789rst012tuv','2024-11-08 07:25:00','2025-05-15 14:40:00',0,0),(83,'xander_pinecone','xander.p@example.com','$2b$12$yza789bcd012efg345hij','2024-11-11 11:40:00','2025-05-14 05:55:00',0,0),(84,'yelena_ashwood','yelena.a@example.com','$2b$12$klm012nop345qrs678tuv','2024-11-14 15:55:00','2025-05-16 08:10:00',1,0),(85,'zane_beechwood','zane.b@example.com','$2b$12$wxy345zab678cde901fgh','2024-11-16 20:10:00','2025-05-13 17:25:00',0,0),(86,'alex_cedarwood','alex.c@example.com','$2b$12$ijk678lmn901opq234rst','2024-11-20 00:25:00','2025-05-12 06:40:00',0,0),(87,'bella_dogwood','bella.d@example.com','$2b$12$uvw901xyz234abc567def','2024-11-23 04:40:00','2025-05-11 11:55:00',0,0),(88,'cole_elmwood','cole.e@example.com','$2b$12$ghi234jkl567mno890pqr','2024-11-26 08:55:00','2025-05-10 17:10:00',0,0),(89,'dana_firwood','dana.f@example.com','$2b$12$stu567vwx890yza123bcd','2024-11-29 13:10:00','2025-05-09 08:25:00',0,0),(90,'ethan_gumwood','ethan.g@example.com','$2b$12$efg890hij123klm456nop','2024-12-02 17:25:00','2025-05-08 13:40:00',0,0),(91,'faye_hickory','faye.h@example.com','$2b$12$qrs123tuv456wxy789zab','2024-12-05 21:40:00','2025-05-07 18:55:00',0,0),(92,'grant_ironwood','grant.i@example.com','$2b$12$cde456fgh789ijk012lmn','2024-12-09 01:55:00','2025-05-06 10:10:00',0,0),(93,'hazel_juniper','hazel.j@example.com','$2b$12$opq789rst012tuv345wxy','2024-12-12 06:10:00','2025-05-05 15:25:00',0,0),(94,'ivan_laurel','ivan.l@example.com','$2b$12$zab234cde567fgh890ijk','2024-12-15 10:25:00','2025-05-04 06:40:00',0,0),(95,'june_mahogany','june.m@example.com','$2b$12$lmn567opq890rst123tuv','2024-12-18 14:40:00','2025-05-03 11:55:00',0,0),(96,'kurt_nutwood','kurt.n@example.com','$2b$12$vwx890yza123bcd456efg','2024-12-21 18:55:00','2025-05-02 17:10:00',0,0),(97,'lara_oakwood','lara.o@example.com','$2b$12$hij123klm456nop789qrs','2024-12-24 23:10:00','2025-05-01 08:25:00',0,0),(98,'marc_pinewood','marc.p@example.com','$2b$12$tuv456wxy789zab012cde','2024-12-28 03:25:00','2025-04-30 13:40:00',0,0),(99,'nina_redwood','nina.r@example.com','$2b$12$bcd789efg012hij345klm','2024-12-31 07:40:00','2025-04-29 18:55:00',0,0),(100,'owen_spruce','owen.s@example.com','$2b$12$nop012pqr345stu678vwx','2025-01-03 11:55:00','2025-04-28 10:10:00',0,1);
/*!40000 ALTER TABLE `players` ENABLE KEYS */;
UNLOCK TABLES;
/*!40103 SET TIME_ZONE=@OLD_TIME_ZONE */;

/*!40101 SET SQL_MODE=@OLD_SQL_MODE */;
/*!40014 SET FOREIGN_KEY_CHECKS=@OLD_FOREIGN_KEY_CHECKS */;
/*!40014 SET UNIQUE_CHECKS=@OLD_UNIQUE_CHECKS */;
/*!40101 SET CHARACTER_SET_CLIENT=@OLD_CHARACTER_SET_CLIENT */;
/*!40101 SET CHARACTER_SET_RESULTS=@OLD_CHARACTER_SET_RESULTS */;
/*!40101 SET COLLATION_CONNECTION=@OLD_COLLATION_CONNECTION */;
/*!40111 SET SQL_NOTES=@OLD_SQL_NOTES */;

-- Dump completed on 2026-01-09 12:56:23
